{
  "id": "f304c251-b87f-4c9e-ab4d-3c5ef67b25e9",
  "name": "10.9 Team 2 vs Team 3",
  "description": "Team 3 goes cold against zone defense",
  "home": {
    "name": "home",
    "players": [
      {
        "player": "Abhishek",
        "shorthand": "AB"
      },
      {
        "player": "Johnny",
        "shorthand": "JL"
      },
      {
        "player": "Young",
        "shorthand": "Y"
      },
      {
        "player": "Hanjoong",
        "shorthand": "HJ"
      },
      {
        "player": "Storm",
        "shorthand": "ST"
      },
      {
        "player": "Andrew S",
        "shorthand": "AS"
      },
      {
        "player": "Sam L (g)",
        "shorthand": "SL"
      }
    ]
  },
  "away": {
    "name": "away",
    "players": [
      {
        "player": "Jordan",
        "shorthand": "JK"
      },
      {
        "player": "Sam N",
        "shorthand": "SN"
      },
      {
        "player": "Hyunseo",
        "shorthand": "HS"
      },
      {
        "player": "Paul",
        "shorthand": "P"
      },
      {
        "player": "Ram",
        "shorthand": "R"
      },
      {
        "player": "Changhee",
        "shorthand": "CH"
      },
      {
        "player": "Ted",
        "shorthand": "T"
      }
    ]
  },
  "players": []
}
