[
  {
    "pId": "58f34cac-cd60-42e6-b15c-93f0bcb3c1cc",
    "playType": "REB",
    "playerId": "SL",
    "timestamp": 1665430068240
  },
  {
    "pId": "cbffe920-ede1-4a2c-aba1-3af2fa51bb61",
    "playType": "TWPTS",
    "playerId": "SL",
    "timestamp": 1665430069658
  },
  {
    "pId": "138bcee1-2fb1-4995-8204-ea8cfb2f1780",
    "playType": "TWPTMI",
    "playerId": "T",
    "timestamp": 1665430079754
  },
  {
    "pId": "a9150d74-fa95-4e7a-b75f-4756b15f2cd7",
    "playType": "REB",
    "playerId": "JL",
    "timestamp": 1665430082976
  },
  {
    "pId": "7a233d95-c53e-49d2-9c39-4b59af36c937",
    "playType": "TWPTMI",
    "playerId": "JL",
    "timestamp": 1665430088844
  },
  {
    "pId": "40eee26f-390c-492a-b0da-267966f7e92f",
    "playType": "REB",
    "playerId": "SN",
    "timestamp": 1665430090299
  },
  {
    "pId": "c4b0c760-f75d-4c2f-b1b3-2f54bd63ff36",
    "playType": "TWPTS",
    "playerId": "JK",
    "timestamp": 1665430104894
  },
  {
    "pId": "01d474ba-6da8-4a77-ba91-833331b7d6ce",
    "playType": "AST",
    "playerId": "SL",
    "timestamp": 1665430118008
  },
  {
    "pId": "39fd79c2-4d59-427d-8fef-255ad9ec56d1",
    "playType": "THPTS",
    "playerId": "Y",
    "timestamp": 1665430119430
  },
  {
    "pId": "411d6ca6-a3d5-4141-a7dd-6acc59281750",
    "playType": "TWPTMI",
    "playerId": "JK",
    "timestamp": 1665430128557
  },
  {
    "pId": "f2eb8b08-80b1-47e4-84a0-cae4010af8d5",
    "playType": "AST",
    "playerId": "SN",
    "timestamp": 1665430131675
  },
  {
    "pId": "b1607ae3-e764-4c72-b20b-af6247602ffd",
    "playType": "THPTS",
    "playerId": "T",
    "timestamp": 1665430132650
  },
  {
    "pId": "1aa294f4-944a-4cad-8924-26a19e7f3b45",
    "playType": "TWPTMI",
    "playerId": "SL",
    "timestamp": 1665430141735
  },
  {
    "pId": "40e0a96b-aa89-4616-9487-e7e50a7ad1de",
    "playType": "OREB",
    "playerId": "HJ",
    "timestamp": 1665430143518
  },
  {
    "pId": "2970ac91-b14f-4fc0-9a8c-68958dbef44f",
    "playType": "AST",
    "playerId": "AB",
    "timestamp": 1665430146611
  },
  {
    "pId": "8b93ba02-f816-4664-9e1f-3055fee14e3a",
    "playType": "THPTS",
    "playerId": "SL",
    "timestamp": 1665430148042
  },
  {
    "pId": "34010f06-d776-4494-b94c-0cfd74171344",
    "playType": "THPTMI",
    "playerId": "P",
    "timestamp": 1665430155826
  },
  {
    "pId": "45c6a81b-9cf0-4f59-ada0-50d003bb16e0",
    "playType": "OREB",
    "playerId": "T",
    "timestamp": 1665430157001
  },
  {
    "pId": "636bb3ee-e9b0-423c-bc39-acd772782f5c",
    "playType": "THPTMI",
    "playerId": "CH",
    "timestamp": 1665430162144
  },
  {
    "pId": "11d21566-1606-493a-a9c2-9b4be65fd24f",
    "playType": "REB",
    "playerId": "JL",
    "timestamp": 1665430164467
  },
  {
    "pId": "26fafcfc-c35d-428d-815f-0d70b10da4c7",
    "playType": "TO",
    "playerId": "JL",
    "timestamp": 1665430168719
  },
  {
    "pId": "540914b1-ae5c-4db4-b2ca-aa9087b76c75",
    "playType": "TO",
    "playerId": "JK",
    "timestamp": 1665430180927
  },
  {
    "pId": "74ceba55-74e2-4e56-a7c7-cbd141ff696c",
    "playType": "STL",
    "playerId": "HJ",
    "timestamp": 1665430184588
  },
  {
    "pId": "e83bbf14-2ab5-4d5c-b299-e99486e3137c",
    "playType": "TWPTMI",
    "playerId": "AB",
    "timestamp": 1665430195967
  },
  {
    "pId": "c142680c-4697-4fc2-bb0c-a29b58ce36aa",
    "playType": "OREB",
    "playerId": "JL",
    "timestamp": 1665430197109
  },
  {
    "pId": "7b4af4d7-9801-4e7f-82c9-33e3e7ddb90c",
    "playType": "TWPTMI",
    "playerId": "JL",
    "timestamp": 1665430198209
  },
  {
    "pId": "2c6e6f44-304c-450c-a71e-ff8f118b8999",
    "playType": "TO",
    "playerId": "Y",
    "timestamp": 1665430208314
  },
  {
    "pId": "dfdc3bce-d591-4f12-9af5-8bc3a5c77bc0",
    "playType": "STL",
    "playerId": "SN",
    "timestamp": 1665430211266
  },
  {
    "pId": "260b5a7a-04e3-4eab-8644-87a2c6647220",
    "playType": "TWPTMI",
    "playerId": "SN",
    "timestamp": 1665430216421
  },
  {
    "pId": "857130a9-5fc8-49ff-ae3e-659243858d31",
    "playType": "OREB",
    "playerId": "CH",
    "timestamp": 1665430226493
  },
  {
    "pId": "a00ec166-0b26-429f-b06b-363b7e8f1a54",
    "playType": "TO",
    "playerId": "JK",
    "timestamp": 1665430229816
  },
  {
    "pId": "cbbd3884-75bc-451c-a982-7e4b5247ca49",
    "playType": "STL",
    "playerId": "JL",
    "timestamp": 1665430232448
  },
  {
    "pId": "8b2470ff-c50f-4e15-a68b-850596960f6c",
    "playType": "TO",
    "playerId": "Y",
    "timestamp": 1665430239061
  },
  {
    "pId": "9ac2bebb-2ea1-43a5-9bac-117798518d5d",
    "playType": "STL",
    "playerId": "CH",
    "timestamp": 1665430242501
  },
  {
    "pId": "df2da9f8-2b86-47a1-b808-1abe3974cacb",
    "playType": "AST",
    "playerId": "JK",
    "timestamp": 1665430245922
  },
  {
    "pId": "0683a3aa-cb07-4909-abba-50c35a87e1e4",
    "playType": "TWPTS",
    "playerId": "SN",
    "timestamp": 1665430246711
  },
  {
    "pId": "434228a2-8f54-4d12-b94c-80b12cd22db7",
    "playType": "TO",
    "playerId": "Y",
    "timestamp": 1665430254110
  },
  {
    "pId": "fd56e24d-4177-4b2a-a5cd-6cc5048c1e43",
    "playType": "STL",
    "playerId": "SN",
    "timestamp": 1665430255738
  },
  {
    "pId": "2b4eff8b-3b91-4663-8d3a-9e4aef18151d",
    "playType": "AST",
    "playerId": "SN",
    "timestamp": 1665430257077
  },
  {
    "pId": "0cbb84d7-face-4347-8b2d-ef9ddb67e1ae",
    "playType": "TWPTS",
    "playerId": "JK",
    "timestamp": 1665430258076
  },
  {
    "pId": "e6798dcd-c225-44d5-a328-7521055c976d",
    "playType": "TWPTMI",
    "playerId": "SL",
    "timestamp": 1665430263300
  },
  {
    "pId": "d43e6592-3228-4747-a061-27f7edefe931",
    "playType": "REB",
    "playerId": "SN",
    "timestamp": 1665430264928
  },
  {
    "pId": "2fcf5324-0ccb-4162-9bef-9ef221d74c96",
    "playType": "THPTMI",
    "playerId": "T",
    "timestamp": 1665430271762
  },
  {
    "pId": "b11b8abf-48ed-401f-b972-1e850d993d95",
    "playType": "REB",
    "playerId": "HJ",
    "timestamp": 1665430273026
  },
  {
    "pId": "9e051ded-1fb3-4759-94f0-486bb23e1acc",
    "playType": "TWPTS",
    "playerId": "AB",
    "timestamp": 1665430279094
  },
  {
    "pId": "e36e8c1b-3b0d-40bd-83f8-9011e6969771",
    "playType": "TWPTMI",
    "playerId": "SN",
    "timestamp": 1665430303125
  },
  {
    "pId": "a1f45292-8812-4b9c-9047-bdef395529e7",
    "playType": "OREB",
    "playerId": "SN",
    "timestamp": 1665430303950
  },
  {
    "pId": "de8a5194-6520-449e-a9d4-c91f3d5d7133",
    "playType": "TWPTMI",
    "playerId": "SN",
    "timestamp": 1665430305108
  },
  {
    "pId": "e4220b72-4792-4a29-81f3-9d07b776ce04",
    "playType": "OREB",
    "playerId": "SN",
    "timestamp": 1665430305963
  },
  {
    "pId": "11781e27-8732-49d0-ab67-745e534b15ca",
    "playType": "TWPTS",
    "playerId": "SN",
    "timestamp": 1665430306798
  },
  {
    "pId": "c4e5a183-b2f8-45f2-a7b6-58d76f0397e5",
    "playType": "THPTS",
    "playerId": "AB",
    "timestamp": 1665430314253
  },
  {
    "pId": "ffd0a959-d6ad-4c99-89d3-f956847544a6",
    "playType": "THPTMI",
    "playerId": "T",
    "timestamp": 1665430318893
  },
  {
    "pId": "87d36e8c-8a3e-41b4-ace6-33755bfe6aac",
    "playType": "REB",
    "playerId": "Y",
    "timestamp": 1665430320504
  },
  {
    "pId": "b9da690e-b143-4be4-8674-a8ce056468cf",
    "playType": "THPTMI",
    "playerId": "SL",
    "timestamp": 1665430326396
  },
  {
    "pId": "fd2b864d-ca2f-41e2-823a-848bca844f13",
    "playType": "REB",
    "playerId": "SN",
    "timestamp": 1665430327244
  },
  {
    "pId": "8897bb26-f74d-4d8e-bafc-59db15e87a17",
    "playType": "TWPTS",
    "playerId": "P",
    "timestamp": 1665430331120
  },
  {
    "pId": "6c7852fd-7484-4d55-b5a6-678bf9038bc3",
    "playType": "TWPTS",
    "playerId": "AB",
    "timestamp": 1665430347152
  },
  {
    "pId": "c12649a7-c5c3-43f6-80c1-8d3c156927f0",
    "playType": "AST",
    "playerId": "CH",
    "timestamp": 1665430364456
  },
  {
    "pId": "7b0209ab-0d10-4580-b47e-e273b67890e9",
    "playType": "TWPTS",
    "playerId": "JK",
    "timestamp": 1665430365468
  },
  {
    "pId": "0ca4e1e2-b1c2-4a0c-89de-aa0542505f3f",
    "playType": "STL",
    "playerId": "JK",
    "timestamp": 1665430373932
  },
  {
    "pId": "59e4bace-c328-4493-8fa6-5ae845b57c75",
    "playType": "TO",
    "playerId": "HJ",
    "timestamp": 1665430386939
  },
  {
    "pId": "d3f92b61-3d7c-414e-8c0b-3b4bd648160f",
    "playType": "TO",
    "playerId": "JK",
    "timestamp": 1665430393133
  },
  {
    "pId": "3cfc1210-343c-4e69-b9ee-d1f6388d12ac",
    "playType": "STL",
    "playerId": "Y",
    "timestamp": 1665430394306
  },
  {
    "pId": "ba57e4f9-bf4f-4036-86db-faf5e2fa036c",
    "playType": "AST",
    "playerId": "Y",
    "timestamp": 1665430397319
  },
  {
    "pId": "e8a0edce-5373-4fd3-8a44-96fff1300c9c",
    "playType": "TWPTS",
    "playerId": "JL",
    "timestamp": 1665430399039
  },
  {
    "pId": "a46f0c72-d68d-4e98-871c-5e8d790819c7",
    "playType": "THPTMI",
    "playerId": "P",
    "timestamp": 1665430409966
  },
  {
    "pId": "88364ebb-f6a7-4d92-9123-2bfdd38d6792",
    "playType": "OREB",
    "playerId": "SN",
    "timestamp": 1665430410845
  },
  {
    "pId": "5084ad11-3310-4c1d-838a-dbba206967f1",
    "playType": "AST",
    "playerId": "SN",
    "timestamp": 1665430411982
  },
  {
    "pId": "1906bc02-9bb6-482a-a3ee-59de41abb56c",
    "playType": "THPTS",
    "playerId": "CH",
    "timestamp": 1665430413044
  },
  {
    "pId": "26cc39a8-b8cc-4874-87bd-fedd390e126d",
    "playType": "THPTMI",
    "playerId": "SL",
    "timestamp": 1665430428897
  },
  {
    "pId": "d217da24-5c54-4a81-aafc-6fff698ef8c1",
    "playType": "OREB",
    "playerId": "HJ",
    "timestamp": 1665430434185
  },
  {
    "pId": "fda60968-265d-4bfc-a0dc-204fb34d7ae1",
    "playType": "TWPTMI",
    "playerId": "JL",
    "timestamp": 1665430436655
  },
  {
    "pId": "ef2caf73-39dd-49e3-b803-2f857d85508d",
    "playType": "REB",
    "playerId": "SN",
    "timestamp": 1665430438129
  },
  {
    "pId": "b4e7455f-9d86-4f6d-aec6-f2399b06701d",
    "playType": "TO",
    "playerId": "CH",
    "timestamp": 1665430447019
  },
  {
    "pId": "218562c3-285c-4b91-b398-8309ba5ef26c",
    "playType": "STL",
    "playerId": "Y",
    "timestamp": 1665430448175
  },
  {
    "pId": "3d6eabe7-1d46-4936-b608-3aad47fbb09e",
    "playType": "THPTMI",
    "playerId": "AB",
    "timestamp": 1665430453063
  },
  {
    "pId": "a46e412b-d834-41a9-8b32-9121b23626f6",
    "playType": "REB",
    "playerId": "P",
    "timestamp": 1665430457116
  },
  {
    "pId": "a383e468-ec8d-4780-831b-83f9d1a85d92",
    "playType": "THPTMI",
    "playerId": "CH",
    "timestamp": 1665430460624
  },
  {
    "pId": "5ec13a7f-d043-4508-9f04-b89fb3bbd340",
    "playType": "REB",
    "playerId": "HJ",
    "timestamp": 1665430461851
  },
  {
    "pId": "92f48666-fc90-4ba6-8848-d0a985b4b8a0",
    "playType": "TWPTMI",
    "playerId": "SL",
    "timestamp": 1665430464581
  },
  {
    "pId": "2a757002-2c5b-4f6f-8cd8-a8407edeb559",
    "playType": "REB",
    "playerId": "JK",
    "timestamp": 1665430466848
  },
  {
    "pId": "4e91d162-82d0-48bc-8037-ec3ff3dea1c8",
    "playType": "TO",
    "playerId": "JK",
    "timestamp": 1665430469872
  },
  {
    "pId": "3405bdfe-88c1-45a7-9949-ec71adcbf5ae",
    "playType": "TWPTS",
    "playerId": "AB",
    "timestamp": 1665430488167
  },
  {
    "pId": "cc5ab907-961d-4c8c-8931-b8f7054951ca",
    "playType": "AST",
    "playerId": "SN",
    "timestamp": 1665430497397
  },
  {
    "pId": "c403c062-4267-4903-b342-8d9694ea5e6e",
    "playType": "THPTS",
    "playerId": "P",
    "timestamp": 1665430498395
  },
  {
    "pId": "bcd36ca0-de8a-4819-aca5-e4f31ada0f75",
    "playType": "THPTS",
    "playerId": "AB",
    "timestamp": 1665430505778
  },
  {
    "pId": "cad1a2a8-bb00-45d5-93c4-179f0b9b5e67",
    "playType": "REB",
    "playerId": "SN",
    "timestamp": 1665430508148
  },
  {
    "pId": "60dd7611-94ed-459f-9dec-07802f36b26c",
    "playType": "TO",
    "playerId": "SN",
    "timestamp": 1665430511296
  },
  {
    "pId": "40aa2fd1-fd0c-4b9a-9bb0-47566358342d",
    "playType": "STL",
    "playerId": "JL",
    "timestamp": 1665430513476
  },
  {
    "pId": "7babee3a-f2b3-4b9d-a908-1fd9df0972ee",
    "playType": "TWPTS",
    "playerId": "AB",
    "timestamp": 1665430533978
  },
  {
    "pId": "43fdd036-b732-4cda-a0a2-c88b6d5844fb",
    "playType": "TWPTS",
    "playerId": "T",
    "timestamp": 1665430543352
  },
  {
    "pId": "38781533-4e11-4d31-8221-8e3431a49ac4",
    "playType": "TWPTMI",
    "playerId": "AB",
    "timestamp": 1665430550227
  },
  {
    "pId": "27fde48f-5d00-442d-b7e7-6accf260c7da",
    "playType": "REB",
    "playerId": "P",
    "timestamp": 1665430552468
  },
  {
    "pId": "2b8fbcf6-57d4-43db-9ae5-24f57b9d1c47",
    "playType": "TO",
    "playerId": "SN",
    "timestamp": 1665430560299
  },
  {
    "pId": "be2c4956-a9c9-4068-8d4a-81b00ec946a0",
    "playType": "STL",
    "playerId": "Y",
    "timestamp": 1665430563385
  },
  {
    "pId": "c5736acd-94d5-436a-a12b-45bbe3e0f069",
    "playType": "THPTMI",
    "playerId": "Y",
    "timestamp": 1665430567022
  },
  {
    "pId": "972197b8-39d6-497d-a902-c364f0493da7",
    "playType": "OREB",
    "playerId": "JL",
    "timestamp": 1665430568055
  },
  {
    "pId": "90a617bb-9c0e-4455-8ef4-b17e77ab5b0c",
    "playType": "AST",
    "playerId": "JL",
    "timestamp": 1665430570964
  },
  {
    "pId": "66adc103-a595-44ae-9eeb-150b4a8d7f63",
    "playType": "THPTS",
    "playerId": "SL",
    "timestamp": 1665430572672
  },
  {
    "pId": "b550cbba-f330-47b8-b331-85a983f77fcb",
    "playType": "TWPTS",
    "playerId": "P",
    "timestamp": 1665430582781
  },
  {
    "pId": "53b4da03-e84d-4de7-8923-f0a3f5e5d34d",
    "playType": "STL",
    "playerId": "P",
    "timestamp": 1665430590391
  },
  {
    "pId": "e8f8b2e0-5daa-49e4-9b7c-7404d781d432",
    "playType": "TO",
    "playerId": "AB",
    "timestamp": 1665430591618
  },
  {
    "pId": "1634d8d5-7c45-4f78-9f03-92d65b876215",
    "playType": "TWPTS",
    "playerId": "P",
    "timestamp": 1665430592519
  },
  {
    "pId": "190ac7ce-f2c6-4565-8cd8-ff793f13f2a7",
    "playType": "STL",
    "playerId": "T",
    "timestamp": 1665430596808
  },
  {
    "pId": "f8f3a2a8-cca6-4a17-becd-9ed6989da259",
    "playType": "TO",
    "playerId": "AB",
    "timestamp": 1665430600600
  },
  {
    "pId": "6c38191a-2f8f-44b7-8899-c4e0da89ca2f",
    "playType": "TWPTMI",
    "playerId": "T",
    "timestamp": 1665430605281
  },
  {
    "pId": "9b74457c-396b-4d20-bf9a-ae06b2366f31",
    "playType": "OREB",
    "playerId": "HS",
    "timestamp": 1665430607171
  },
  {
    "pId": "acc5651a-be1b-42d5-aa5d-72b6f2e3dde0",
    "playType": "TWPTMI",
    "playerId": "HS",
    "timestamp": 1665430610836
  },
  {
    "pId": "b5ee5dd4-8fa3-4057-a7db-7a1ee29dfd85",
    "playType": "OREB",
    "playerId": "T",
    "timestamp": 1665430611536
  },
  {
    "pId": "5a2cd158-d6a9-4383-9078-3fbe338ddc93",
    "playType": "AST",
    "playerId": "T",
    "timestamp": 1665430613847
  },
  {
    "pId": "cbf43ac9-aadc-4cb2-aec9-e83e733351a0",
    "playType": "THPTS",
    "playerId": "R",
    "timestamp": 1665430614917
  },
  {
    "pId": "fdcf14e0-8107-4d33-b889-3c676e3d8747",
    "playType": "TWPTMI",
    "playerId": "JL",
    "timestamp": 1665430620675
  },
  {
    "pId": "042e91e8-fdd4-45eb-8f75-cdbcb1913b95",
    "playType": "REB",
    "playerId": "HS",
    "timestamp": 1665430621724
  },
  {
    "pId": "ff790c6f-91b0-4e4b-9590-cca13d1b689e",
    "playType": "AST",
    "playerId": "HS",
    "timestamp": 1665430622989
  },
  {
    "pId": "737aaff8-7ec5-444a-9c9e-58bd11123e4b",
    "playType": "TWPTS",
    "playerId": "SN",
    "timestamp": 1665430624009
  },
  {
    "pId": "9f578164-06d1-4c0e-89f6-ce78103a30fa",
    "playType": "TWPTS",
    "playerId": "AB",
    "timestamp": 1665430637196
  },
  {
    "pId": "58915140-55cd-453d-9716-2da60305970f",
    "playType": "TWPTS",
    "playerId": "SN",
    "timestamp": 1665430645758
  },
  {
    "pId": "d821d5bf-b368-4551-8db0-48bfe48ac57e",
    "playType": "THPTMI",
    "playerId": "AB",
    "timestamp": 1665430649363
  },
  {
    "pId": "17309f78-2117-46a9-866d-09e0e909ec6b",
    "playType": "TWPTMI",
    "playerId": "SN",
    "timestamp": 1665430669880
  },
  {
    "pId": "798bb198-7c9e-476d-93f6-ea9868b4f660",
    "playType": "OREB",
    "playerId": "T",
    "timestamp": 1665430670394
  },
  {
    "pId": "0340590f-36bf-45c9-9939-d4bacff2340f",
    "playType": "TWPTMI",
    "playerId": "SN",
    "timestamp": 1665430675574
  },
  {
    "pId": "c8bc169a-caad-40c9-9629-ad9311ed8795",
    "playType": "REB",
    "playerId": "SL",
    "timestamp": 1665430676959
  },
  {
    "pId": "752b5460-3797-4baf-9294-7683fd1a3308",
    "playType": "THPTMI",
    "playerId": "Y",
    "timestamp": 1665430684374
  },
  {
    "pId": "fbad79ae-c94d-46d8-ab22-cc93f7b8930b",
    "playType": "REB",
    "playerId": "HS",
    "timestamp": 1665430685846
  },
  {
    "pId": "edc0dea1-33b2-4230-ad49-bfd72a97e15d",
    "playType": "THPTMI",
    "playerId": "T",
    "timestamp": 1665430690889
  },
  {
    "pId": "f385d0b5-419d-4199-9a13-37ce9812005b",
    "playType": "OREB",
    "playerId": "HS",
    "timestamp": 1665430692447
  },
  {
    "pId": "d7c14ed1-ec12-44f6-a48e-47bbe154cab4",
    "playType": "TWPTMI",
    "playerId": "P",
    "timestamp": 1665430695941
  },
  {
    "pId": "7e4551dd-b9dc-40e4-827d-afd7e80d8b42",
    "playType": "REB",
    "playerId": "AS",
    "timestamp": 1665430701123
  },
  {
    "pId": "86249642-cfb5-45bf-800d-9ab2eab003cb",
    "playType": "TWPTMI",
    "playerId": "AB",
    "timestamp": 1665430703645
  },
  {
    "pId": "51384709-6285-46a3-9347-c7c0a8b8f5cd",
    "playType": "REB",
    "playerId": "SN",
    "timestamp": 1665430704677
  },
  {
    "pId": "a59d95e4-09ee-4f6f-ba33-7dea5bba5e92",
    "playType": "TWPTMI",
    "playerId": "T",
    "timestamp": 1665430709897
  },
  {
    "pId": "0646de70-9ac0-4441-8edf-4f77f90e98bf",
    "playType": "REB",
    "playerId": "JL",
    "timestamp": 1665430711181
  },
  {
    "pId": "ab6af3c8-28d9-4a80-86cf-c3afc70dca31",
    "playType": "TWPTMI",
    "playerId": "SL",
    "timestamp": 1665430715066
  },
  {
    "pId": "0e480d50-fa25-49da-8171-8821d4718fcc",
    "playType": "OREB",
    "playerId": "SL",
    "timestamp": 1665430716099
  },
  {
    "pId": "8f106b62-92db-4b04-89ce-db636219b032",
    "playType": "AST",
    "playerId": "SL",
    "timestamp": 1665430722233
  },
  {
    "pId": "53a30e6e-0f0d-4c26-8ad8-851328e771ed",
    "playType": "TWPTS",
    "playerId": "AB",
    "timestamp": 1665430723983
  },
  {
    "pId": "841a59e2-f196-4e95-b9b1-ff52053917e9",
    "playType": "TWPTMI",
    "playerId": "JK",
    "timestamp": 1665430743548
  },
  {
    "pId": "2678453d-00fa-4034-a374-dddb84526c24",
    "playType": "OREB",
    "playerId": "JK",
    "timestamp": 1665430744638
  },
  {
    "pId": "b5990a9d-1714-4745-b8d3-5002a915538b",
    "playType": "TWPTS",
    "playerId": "SN",
    "timestamp": 1665430753420
  },
  {
    "pId": "6e712509-424c-4cb5-a22b-9f168526b5a2",
    "playType": "TWPTMI",
    "playerId": "AB",
    "timestamp": 1665430760744
  },
  {
    "pId": "4b7d0796-f522-4489-b2f3-9c5d8e358918",
    "playType": "REB",
    "playerId": "SN",
    "timestamp": 1665430761818
  },
  {
    "pId": "e7e3b86c-4028-4602-8acf-35027fa31556",
    "playType": "TWPTMI",
    "playerId": "SN",
    "timestamp": 1665430763224
  },
  {
    "pId": "a2da8ad5-6e1d-4156-a1e4-251504f00eb3",
    "playType": "REB",
    "playerId": "SL",
    "timestamp": 1665430764354
  },
  {
    "pId": "eff75908-c0c8-4c9c-b17c-fa830e3eaf77",
    "playType": "THPTMI",
    "playerId": "SL",
    "timestamp": 1665430768861
  },
  {
    "pId": "2302802f-8d63-4bd3-8ca9-ee6fa5109400",
    "playType": "REB",
    "playerId": "JK",
    "timestamp": 1665430769826
  },
  {
    "pId": "d0f04abf-3d55-4cb1-8c2f-bf626be7bb50",
    "playType": "TO",
    "playerId": "HS",
    "timestamp": 1665430772785
  },
  {
    "pId": "bc44a107-e2c5-4f68-a902-ac7fd9cbfc31",
    "playType": "STL",
    "playerId": "Y",
    "timestamp": 1665430777602
  },
  {
    "pId": "5175fd1d-29c1-4ae6-9d76-bb8ad16390db",
    "playType": "THPTMI",
    "playerId": "Y",
    "timestamp": 1665430782111
  },
  {
    "pId": "7bc47979-cfde-4a6d-a01c-3ff498154d86",
    "playType": "REB",
    "playerId": "JK",
    "timestamp": 1665430783641
  },
  {
    "pId": "a1ec008b-4a80-4d2b-b609-454b9fed0160",
    "playType": "TWPTMI",
    "playerId": "R",
    "timestamp": 1665430795184
  },
  {
    "pId": "faa54f85-c529-422a-becc-ba3309838e68",
    "playType": "REB",
    "playerId": "JL",
    "timestamp": 1665430798158
  },
  {
    "pId": "fdaa7bcc-e46c-4ebb-9d00-ce26bd05a0f7",
    "playType": "TWPTS",
    "playerId": "Y",
    "timestamp": 1665430804710
  },
  {
    "pId": "890e4707-af47-4bd2-9197-fc6e3f85de4e",
    "playType": "AST",
    "playerId": "JL",
    "timestamp": 1665430806984
  },
  {
    "pId": "419c78e4-c29d-4a57-aaf5-3db83d990835",
    "playType": "TWPTS",
    "playerId": "SN",
    "timestamp": 1665430826724
  },
  {
    "pId": "aa4da0b8-1d4e-488c-9977-2ac855566f7a",
    "playType": "THPTMI",
    "playerId": "AB",
    "timestamp": 1665430835594
  },
  {
    "pId": "d203f08c-edbf-4729-b32a-686e1c75cb63",
    "playType": "REB",
    "playerId": "SN",
    "timestamp": 1665430838046
  },
  {
    "pId": "f281c3fa-37c9-4ce8-9848-05b599e6fbce",
    "playType": "AST",
    "playerId": "SN",
    "timestamp": 1665430838913
  },
  {
    "pId": "96224ca3-465b-40d1-9b24-61803ffd1455",
    "playType": "TWPTS",
    "playerId": "JK",
    "timestamp": 1665430839739
  },
  {
    "pId": "59c9dbf2-a5e1-4ddd-854e-77c13ab750a8",
    "playType": "THPTS",
    "playerId": "T",
    "timestamp": 1665430849155
  },
  {
    "pId": "7aa8e8f0-1729-454b-9cd2-f60f76b7b8bd",
    "playType": "AST",
    "playerId": "R",
    "timestamp": 1665430850035
  },
  {
    "pId": "ad106c26-f49b-43e6-8e53-ce782c82f37d",
    "playType": "THPTMI",
    "playerId": "JK",
    "timestamp": 1665430886402
  },
  {
    "pId": "37a3d53e-01bb-4757-be9b-ec347d3e0892",
    "playType": "REB",
    "playerId": "AS",
    "timestamp": 1665430891557
  },
  {
    "pId": "af14c6b8-6304-4714-80dd-dfd1763a7bc5",
    "playType": "STL",
    "playerId": "JK",
    "timestamp": 1665430914550
  },
  {
    "pId": "d0c6c369-2a7b-4b38-93bb-d4d4dcdc13d2",
    "playType": "TO",
    "playerId": "SL",
    "timestamp": 1665430916230
  },
  {
    "pId": "331dc5b8-bc16-49d2-b5a8-88dda6fda9ea",
    "playType": "TWPTMI",
    "playerId": "JK",
    "timestamp": 1665430918448
  },
  {
    "pId": "ab40c3c6-19b7-4170-81ed-7c352165f4c0",
    "playType": "REB",
    "playerId": "Y",
    "timestamp": 1665430919854
  },
  {
    "pId": "e50d1e2f-3c83-4b74-b285-5495e446c563",
    "playType": "TWPTMI",
    "playerId": "Y",
    "timestamp": 1665430924679
  },
  {
    "pId": "391db9c7-de42-4e5f-b48f-1b4c27b3e288",
    "playType": "REB",
    "playerId": "SN",
    "timestamp": 1665430925658
  },
  {
    "pId": "eb992383-c656-4b47-af98-f728f15d9ae4",
    "playType": "TWPTMI",
    "playerId": "JK",
    "timestamp": 1665430932167
  },
  {
    "pId": "ae09b6d9-b379-4583-9c39-26d8eec0c7a5",
    "playType": "OREB",
    "playerId": "JK",
    "timestamp": 1665430933154
  },
  {
    "pId": "bb29ef57-1f9c-4027-858e-1033a63597d0",
    "playType": "THPTMI",
    "playerId": "T",
    "timestamp": 1665430935397
  },
  {
    "pId": "a22118bb-0b01-4c57-96ab-c9484e258d2e",
    "playType": "REB",
    "playerId": "AS",
    "timestamp": 1665430938769
  },
  {
    "pId": "cca70284-5fd5-40e9-b0bb-9c52224ff71e",
    "playType": "THPTMI",
    "playerId": "Y",
    "timestamp": 1665430945121
  },
  {
    "pId": "52c9ce54-6399-422f-804e-c19270ce6166",
    "playType": "REB",
    "playerId": "HS",
    "timestamp": 1665430946105
  },
  {
    "pId": "38a9c3e2-5882-40b2-a4cb-34e452ed1136",
    "playType": "AST",
    "playerId": "HS",
    "timestamp": 1665430947366
  },
  {
    "pId": "dad5be57-ed03-4d7d-b2f4-ebcc16a411b5",
    "playType": "TWPTS",
    "playerId": "JK",
    "timestamp": 1665430948224
  },
  {
    "pId": "91bf9371-598b-426d-9fbe-3f90482c406c",
    "playType": "TWPTS",
    "playerId": "AB",
    "timestamp": 1665430959905
  },
  {
    "pId": "b3e45685-ed54-4685-b400-bcd005a644a4",
    "playType": "THPTMI",
    "playerId": "JK",
    "timestamp": 1665430970918
  },
  {
    "pId": "879f8b9d-6726-4e0a-a14f-3ec35fdea329",
    "playType": "REB",
    "playerId": "SL",
    "timestamp": 1665430974824
  },
  {
    "pId": "b8119d83-17e2-40d3-b7c8-8619c9690862",
    "playType": "TWPTS",
    "playerId": "SL",
    "timestamp": 1665430976899
  },
  {
    "pId": "4a846a55-bf11-4834-983b-9ec50c407deb",
    "playType": "TWPTS",
    "playerId": "HS",
    "timestamp": 1665430998923
  },
  {
    "pId": "552eeaf6-82c4-4425-8898-cd4da6927aa1",
    "playType": "TWPTMI",
    "playerId": "JL",
    "timestamp": 1665431006998
  },
  {
    "pId": "31c68856-0646-402e-af44-ec68d014b6cf",
    "playType": "REB",
    "playerId": "JK",
    "timestamp": 1665431012158
  },
  {
    "pId": "2e72953e-15da-43f0-9033-0f58881cee9a",
    "playType": "AST",
    "playerId": "R",
    "timestamp": 1665431020217
  },
  {
    "pId": "82fa5795-3107-4db3-aa2d-bb674455b88a",
    "playType": "THPTS",
    "playerId": "T",
    "timestamp": 1665431021693
  },
  {
    "pId": "ae86631a-b079-44a7-be3a-798117e8ed25",
    "playType": "TWPTMI",
    "playerId": "AB",
    "timestamp": 1665431028452
  },
  {
    "pId": "3bbf6322-5f8a-4185-adf7-0a8f8de80865",
    "playType": "OREB",
    "playerId": "AB",
    "timestamp": 1665431029069
  },
  {
    "pId": "60f8307d-1af1-4168-94aa-6205fa30e7f2",
    "playType": "TWPTS",
    "playerId": "AB",
    "timestamp": 1665431038907
  },
  {
    "pId": "95b83cbb-5106-4b8b-b2cf-cfb5c31a3d70",
    "playType": "STL",
    "playerId": "JL",
    "timestamp": 1665431043914
  },
  {
    "pId": "8fc897d7-eb22-45f8-8f24-398619d683cb",
    "playType": "TO",
    "playerId": "JK",
    "timestamp": 1665431044597
  },
  {
    "pId": "8b41370e-d104-4f40-85ef-edd03a8a03f9",
    "playType": "TWPTS",
    "playerId": "JL",
    "timestamp": 1665431046375
  },
  {
    "pId": "41813b5f-f577-444d-b7ca-55a7303707bf",
    "playType": "THPTMI",
    "playerId": "HS",
    "timestamp": 1665431059208
  },
  {
    "pId": "b98676bd-bf46-4da5-ac12-bc4fa34ae710",
    "playType": "REB",
    "playerId": "AB",
    "timestamp": 1665431060618
  },
  {
    "pId": "f8f0a033-706b-4936-bb81-6ef087a038cb",
    "playType": "TWPTS",
    "playerId": "AB",
    "timestamp": 1665431061822
  },
  {
    "pId": "7e7be2ae-dba3-46a7-8976-d8e17d92f311",
    "playType": "TO",
    "playerId": "HS",
    "timestamp": 1665431065099
  },
  {
    "pId": "022953a7-c852-4b12-b9e4-362f752e6862",
    "playType": "STL",
    "playerId": "Y",
    "timestamp": 1665431067036
  },
  {
    "pId": "d6e12acf-207d-4bc5-9a81-6b56f27f4b95",
    "playType": "AST",
    "playerId": "Y",
    "timestamp": 1665431076504
  },
  {
    "pId": "ebc5a14f-069d-4ebe-a4ee-f9a91e3793cb",
    "playType": "THPTS",
    "playerId": "AB",
    "timestamp": 1665431077608
  },
  {
    "pId": "bcaf1675-ff0c-447c-bafd-b966d8ea7ef4",
    "playType": "TWPTMI",
    "playerId": "R",
    "timestamp": 1665431095666
  },
  {
    "pId": "d67fbc1e-574c-4afe-baa0-6d356a8c139a",
    "playType": "OREB",
    "playerId": "HS",
    "timestamp": 1665431096731
  },
  {
    "pId": "86af519c-21e8-4a2f-8472-87ff6174e32a",
    "playType": "TWPTS",
    "playerId": "HS",
    "timestamp": 1665431098911
  },
  {
    "pId": "527ab529-039b-43de-a0db-3a48852dd9de",
    "playType": "THPTMI",
    "playerId": "AB",
    "timestamp": 1665431104466
  },
  {
    "pId": "1b41c092-dbfe-44de-a1b5-0090381c632c",
    "playType": "REB",
    "playerId": "T",
    "timestamp": 1665431109130
  },
  {
    "pId": "da7ac323-0c39-4e9e-b0b0-2bea893de170",
    "playType": "TWPTMI",
    "playerId": "T",
    "timestamp": 1665431112516
  },
  {
    "pId": "7ac9b0c3-3065-42db-a753-07d1a1066604",
    "playType": "OREB",
    "playerId": "JK",
    "timestamp": 1665431114596
  },
  {
    "pId": "58cb874f-09cc-4598-82eb-e28868ab2352",
    "playType": "TWPTMI",
    "playerId": "JK",
    "timestamp": 1665431115703
  },
  {
    "pId": "3545206b-630b-41aa-b956-6bc142b2a0b0",
    "playType": "OREB",
    "playerId": "SN",
    "timestamp": 1665431119329
  },
  {
    "pId": "fc3d9c98-4ad1-4ab1-94dc-402cf21f6192",
    "playType": "TWPTMI",
    "playerId": "SN",
    "timestamp": 1665431121429
  },
  {
    "pId": "86fb950b-f19f-4819-823c-63daf4b87480",
    "playType": "OREB",
    "playerId": "HS",
    "timestamp": 1665431125043
  },
  {
    "pId": "84da7468-f2a9-4579-a470-be7e7ea725cf",
    "playType": "TWPTS",
    "playerId": "HS",
    "timestamp": 1665431125820
  },
  {
    "pId": "288a59f7-3a3e-439c-8820-8d13f8b2c7df",
    "playType": "AST",
    "playerId": "AB",
    "timestamp": 1665431136625
  },
  {
    "pId": "05f1d0ea-07fb-406e-ae00-bd2da8732391",
    "playType": "TWPTS",
    "playerId": "JL",
    "timestamp": 1665431138081
  },
  {
    "pId": "e1976ad3-69f6-4d5e-8d5d-8571948d8dc7",
    "playType": "TWPTMI",
    "playerId": "JK",
    "timestamp": 1665431150744
  },
  {
    "pId": "5d1f8657-c9fb-4656-95cd-bdb5604ff949",
    "playType": "OREB",
    "playerId": "JK",
    "timestamp": 1665431152230
  },
  {
    "pId": "051c0606-71d3-4bb9-98a2-252bd0258c5b",
    "playType": "TWPTMI",
    "playerId": "JK",
    "timestamp": 1665431160051
  },
  {
    "pId": "19ff33d7-48e4-41e2-a3a1-0246329715a9",
    "playType": "OREB",
    "playerId": "SN",
    "timestamp": 1665431161000
  },
  {
    "pId": "bf614fc6-3f75-4bb3-a035-fd4638d45268",
    "playType": "THPTMI",
    "playerId": "R",
    "timestamp": 1665431169574
  },
  {
    "pId": "40d48253-afa7-40c2-a0cf-614353e5badf",
    "playType": "REB",
    "playerId": "Y",
    "timestamp": 1665431172016
  },
  {
    "pId": "2df80079-387f-47d4-a2f2-e3527661de57",
    "playType": "THPTMI",
    "playerId": "Y",
    "timestamp": 1665431182937
  },
  {
    "pId": "96a5f1df-6d76-4125-a036-c8d4534dd814",
    "playType": "REB",
    "playerId": "JK",
    "timestamp": 1665431184218
  },
  {
    "pId": "fc729331-8a9b-4ed9-8fd1-a8025d47a001",
    "playType": "TO",
    "playerId": "JK",
    "timestamp": 1665431187082
  },
  {
    "pId": "3332eecd-8f0f-4b46-b19d-6fb17ebc7cb5",
    "playType": "STL",
    "playerId": "AS",
    "timestamp": 1665431192120
  },
  {
    "pId": "8d370732-3719-4fe6-8813-0f2a31550ce6",
    "playType": "TO",
    "playerId": "AB",
    "timestamp": 1665431199325
  },
  {
    "pId": "f49e2f21-2907-4ad3-8daa-eda0176ad165",
    "playType": "STL",
    "playerId": "R",
    "timestamp": 1665431205774
  },
  {
    "pId": "e7d8724f-77f9-43fb-81bb-0f74b0fa1c8f",
    "playType": "THPTMI",
    "playerId": "T",
    "timestamp": 1665431221001
  },
  {
    "pId": "581785cb-7b7d-45bf-beb8-5022771115c1",
    "playType": "OREB",
    "playerId": "HS",
    "timestamp": 1665431221875
  },
  {
    "pId": "9603be3a-e482-49bc-bddf-5856c8869a3c",
    "playType": "TWPTMI",
    "playerId": "HS",
    "timestamp": 1665431223412
  },
  {
    "pId": "352c7830-eb79-48ec-a0d9-bcaa759542f9",
    "playType": "OREB",
    "playerId": "JK",
    "timestamp": 1665431227973
  },
  {
    "pId": "8e11da70-ad89-4b83-84c2-7525851ea56f",
    "playType": "TWPTS",
    "playerId": "JK",
    "timestamp": 1665431228710
  },
  {
    "pId": "cff78b3b-3533-4912-bd0f-6a2cfbfcc110",
    "playType": "AST",
    "playerId": "AB",
    "timestamp": 1665431238903
  },
  {
    "pId": "f0d50685-875c-4384-b53a-29ab0cf9792d",
    "playType": "TWPTS",
    "playerId": "AS",
    "timestamp": 1665431240606
  },
  {
    "pId": "d887247a-b8f4-463e-8c00-c763e52c8526",
    "playType": "TO",
    "playerId": "R",
    "timestamp": 1665431246795
  },
  {
    "pId": "18f8ccc4-c20b-4436-b19e-0cde50e1eaf5",
    "playType": "STL",
    "playerId": "SL",
    "timestamp": 1665431249031
  },
  {
    "pId": "da0082e2-4c9e-4990-bbea-7b88264668a9",
    "playType": "THPTS",
    "playerId": "AB",
    "timestamp": 1665431259056
  },
  {
    "pId": "d54b7c55-67f5-4e8b-a328-073212cbe130",
    "playType": "AST",
    "playerId": "SL",
    "timestamp": 1665431262487
  },
  {
    "pId": "1e5434b7-5b05-437a-b272-7981e3fe0c47",
    "playType": "TWPTMI",
    "playerId": "JK",
    "timestamp": 1665431272173
  },
  {
    "pId": "4746bf19-1806-4031-9dc6-4d0d9ebe7a30",
    "playType": "REB",
    "playerId": "JL",
    "timestamp": 1665431273987
  },
  {
    "pId": "ec4a3370-a3d0-420b-b89a-2f57219fb1e3",
    "playType": "THPTS",
    "playerId": "AB",
    "timestamp": 1665431279218
  },
  {
    "pId": "b6a0b891-7ab2-4bea-9960-a7a31624be54",
    "playType": "AST",
    "playerId": "T",
    "timestamp": 1665431288231
  },
  {
    "pId": "ecf72356-3bb1-4414-a04d-b3dc3c468e02",
    "playType": "THPTS",
    "playerId": "SN",
    "timestamp": 1665431289097
  },
  {
    "pId": "5203b83c-bd85-4e85-beab-1e1b0cd25086",
    "playType": "TWPTMI",
    "playerId": "JL",
    "timestamp": 1665431294511
  },
  {
    "pId": "adcf0b3b-65a6-4d5b-adc4-5464b028f4e1",
    "playType": "REB",
    "playerId": "R",
    "timestamp": 1665431295355
  },
  {
    "pId": "58212d27-f84a-460f-bd90-727270bf7ef8",
    "playType": "TWPTMI",
    "playerId": "JK",
    "timestamp": 1665431297936
  },
  {
    "pId": "4d8e712d-a11a-4093-a5bc-f36a55e287c7",
    "playType": "THPTMI",
    "playerId": "SN",
    "timestamp": 1665431306830
  },
  {
    "pId": "47bf0c6e-d7ff-4c86-9a84-325d35c83c58",
    "playType": "REB",
    "playerId": "JL",
    "timestamp": 1665431308193
  },
  {
    "pId": "e3639a89-1d8e-4368-8f44-10e21385870e",
    "playType": "TWPTMI",
    "playerId": "AS",
    "timestamp": 1665431332328
  },
  {
    "pId": "92d30ff2-4fc9-414f-a761-90f69ecb60b9",
    "playType": "OREB",
    "playerId": "AS",
    "timestamp": 1665431333009
  },
  {
    "pId": "595d1841-0a7a-463a-992a-38009aa70644",
    "playType": "TWPTS",
    "playerId": "AS",
    "timestamp": 1665431333754
  },
  {
    "pId": "b231004b-56f5-492e-8c43-b223633bd576",
    "playType": "TWPTMI",
    "playerId": "R",
    "timestamp": 1665431341762
  },
  {
    "pId": "1d945efc-0284-4788-9d37-ddde103bbbae",
    "playType": "OREB",
    "playerId": "SN",
    "timestamp": 1665431343140
  },
  {
    "pId": "53029aba-90d3-442c-b39a-730b44cfb44e",
    "playType": "AST",
    "playerId": "SN",
    "timestamp": 1665431350734
  },
  {
    "pId": "6906c58a-80ed-4276-849b-f76e517330be",
    "playType": "TWPTS",
    "playerId": "JK",
    "timestamp": 1665431351857
  },
  {
    "pId": "a5d6a563-73c2-45b6-8f6b-efe7eae74254",
    "playType": "TO",
    "playerId": "JL",
    "timestamp": 1665431386026
  },
  {
    "pId": "fa3a0bd2-5a2a-42ba-86ec-f8575044835e",
    "playType": "STL",
    "playerId": "SN",
    "timestamp": 1665431389842
  },
  {
    "pId": "1b258e70-d274-468c-9937-2f6320dc1739",
    "playType": "AST",
    "playerId": "JK",
    "timestamp": 1665431392533
  },
  {
    "pId": "49a6f4f9-497e-4de5-9400-597a4fbc7a7e",
    "playType": "THPTS",
    "playerId": "P",
    "timestamp": 1665431393694
  },
  {
    "pId": "b8ec8320-83b1-4440-806e-b1c0a4e7b7b8",
    "playType": "TWPTMI",
    "playerId": "AB",
    "timestamp": 1665431398701
  },
  {
    "pId": "2458ce30-d30e-40df-bb22-8adba26d6f05",
    "playType": "REB",
    "playerId": "T",
    "timestamp": 1665431400628
  },
  {
    "pId": "570b6e7c-672d-4fb1-a818-96a3f06120c0",
    "playType": "AST",
    "playerId": "CH",
    "timestamp": 1665431412562
  },
  {
    "pId": "96bef968-1256-4b90-a1fd-09da8a62ae38",
    "playType": "TWPTS",
    "playerId": "JK",
    "timestamp": 1665431413910
  },
  {
    "pId": "de431441-22ff-4078-b91d-ac947c2ec01b",
    "playType": "THPTMI",
    "playerId": "HJ",
    "timestamp": 1665431425873
  },
  {
    "pId": "6d6a17f3-ad48-433f-ad61-5170b97ce225",
    "playType": "REB",
    "playerId": "T",
    "timestamp": 1665431428827
  },
  {
    "pId": "6b09947e-0240-4591-984f-2018075fa66a",
    "playType": "TO",
    "playerId": "SN",
    "timestamp": 1665431455354
  },
  {
    "pId": "f8e8241f-7d6b-4d56-813d-065bd55b2105",
    "playType": "STL",
    "playerId": "JL",
    "timestamp": 1665431456761
  },
  {
    "pId": "c03910d2-e4f6-46f7-8c64-52f3ea10f8f7",
    "playType": "STL",
    "playerId": "P",
    "timestamp": 1665431464048
  },
  {
    "pId": "fe6db5c6-4a56-4bb8-8a26-fee857234c21",
    "playType": "TO",
    "playerId": "SL",
    "timestamp": 1665431465916
  },
  {
    "pId": "a6d69b2b-b353-42d9-83e7-25001771f531",
    "playType": "TWPTS",
    "playerId": "AB",
    "timestamp": 1665431482837
  },
  {
    "pId": "97da2ebe-694e-4353-a125-0afef93842e9",
    "playType": "TO",
    "playerId": "JK",
    "timestamp": 1665431491890
  },
  {
    "pId": "c646e6e9-0610-4867-b1b1-dc0c61447c10",
    "playType": "STL",
    "playerId": "SL",
    "timestamp": 1665431494984
  },
  {
    "pId": "d5b88920-9100-4c51-902b-5022897c6d7f",
    "playType": "AST",
    "playerId": "SL",
    "timestamp": 1665431499810
  },
  {
    "pId": "b1878e5e-c11c-42af-bbec-ef136a4766e7",
    "playType": "TWPTS",
    "playerId": "AB",
    "timestamp": 1665431500520
  },
  {
    "pId": "acfd0b6a-2e49-4d30-89bc-e656e4096ad3",
    "playType": "TWPTMI",
    "playerId": "JK",
    "timestamp": 1665431515153
  },
  {
    "pId": "7fa229e1-2918-460f-9f67-9e869d0cba81",
    "playType": "OREB",
    "playerId": "JK",
    "timestamp": 1665431519974
  },
  {
    "pId": "bebf7a77-35a5-40cf-95a9-ee1d0a10f9a9",
    "playType": "TWPTMI",
    "playerId": "JK",
    "timestamp": 1665431521692
  },
  {
    "pId": "23578cfd-25ac-4584-bc90-fe0ffe4fb12e",
    "playType": "REB",
    "playerId": "SL",
    "timestamp": 1665431525152
  },
  {
    "pId": "0f100dc2-7b6e-49b9-82f9-396c081edb78",
    "playType": "THPTMI",
    "playerId": "SL",
    "timestamp": 1665431530578
  },
  {
    "pId": "e6747be8-9582-407c-8546-6c76e7bebe03",
    "playType": "REB",
    "playerId": "T",
    "timestamp": 1665431533523
  },
  {
    "pId": "f079f38a-3ecb-4803-a87b-f114cdc50841",
    "playType": "THPTMI",
    "playerId": "T",
    "timestamp": 1665431547900
  },
  {
    "pId": "35bb6ffe-2745-4717-abcf-b80640906e9e",
    "playType": "REB",
    "playerId": "HJ",
    "timestamp": 1665431553493
  },
  {
    "pId": "e014bb8c-391f-4b9b-82f2-c83f27886df4",
    "playType": "AST",
    "playerId": "HJ",
    "timestamp": 1665431558584
  },
  {
    "pId": "1c8470c9-f666-4af9-b476-f44a52ac9a1e",
    "playType": "THPTS",
    "playerId": "AB",
    "timestamp": 1665431559834
  },
  {
    "pId": "9235065b-f6a3-4fb4-a76e-e47c2f353ffa",
    "playType": "TWPTMI",
    "playerId": "P",
    "timestamp": 1665431573364
  },
  {
    "pId": "d52b3c58-2b0d-4a2a-99a2-40d0cc847708",
    "playType": "OREB",
    "playerId": "SN",
    "timestamp": 1665431574968
  },
  {
    "pId": "d44dad3f-2bc8-4fd1-94f0-c2868a185678",
    "playType": "TWPTS",
    "playerId": "SN",
    "timestamp": 1665431579275
  },
  {
    "pId": "3cc38e71-31ee-4dad-9199-6e8aa0bd61af",
    "playType": "AST",
    "playerId": "SL",
    "timestamp": 1665431603889
  },
  {
    "pId": "bec00f45-deb6-4137-ae50-1918d61cea4d",
    "playType": "TWPTS",
    "playerId": "JL",
    "timestamp": 1665431605894
  },
  {
    "pId": "71bf57ee-ee19-4389-b713-c3d182de368b",
    "playType": "THPTMI",
    "playerId": "CH",
    "timestamp": 1665431617346
  },
  {
    "pId": "d77924c3-0c40-43c6-905c-ded9dff3dc43",
    "playType": "REB",
    "playerId": "SL",
    "timestamp": 1665431618385
  },
  {
    "pId": "35aa6f30-aaad-4c48-a6ad-d4b929c9f3bb",
    "playType": "AST",
    "playerId": "AB",
    "timestamp": 1665431628454
  },
  {
    "pId": "aa59fda1-0740-417a-8a30-9879cd1cd153",
    "playType": "THPTS",
    "playerId": "ST",
    "timestamp": 1665431632153
  },
  {
    "pId": "3800ce88-8a20-4056-9db4-3a98b26681fe",
    "playType": "TO",
    "playerId": "P",
    "timestamp": 1665431655477
  },
  {
    "pId": "7ffc260d-d59a-43d0-9259-9e71440f8e16",
    "playType": "TWPTS",
    "playerId": "AB",
    "timestamp": 1665431662224
  },
  {
    "pId": "f82746f6-35ed-41c5-9163-b8bec8b1fae6",
    "playType": "TO",
    "playerId": "JK",
    "timestamp": 1665431664691
  },
  {
    "pId": "c991c791-ecd3-4f25-8827-a2270d2c4fd3",
    "playType": "FT",
    "playerId": "SL",
    "timestamp": 1665431711477
  },
  {
    "pId": "90af09a7-1232-43f1-a326-479538af7565",
    "playType": "FT",
    "playerId": "SL",
    "timestamp": 1665431714714
  },
  {
    "pId": "776e8de3-e72c-4654-aabd-baf4014ef6da",
    "playType": "THPTMI",
    "playerId": "T",
    "timestamp": 1665431724351
  },
  {
    "pId": "9fac2a04-b1fd-4f66-8145-77081b3a753c",
    "playType": "REB",
    "playerId": "HJ",
    "timestamp": 1665431725952
  },
  {
    "pId": "e2d582af-336e-4db8-bb36-3cdcbc3732e1",
    "playType": "FT",
    "playerId": "AB",
    "timestamp": 1665431734273
  },
  {
    "pId": "deda98f1-de0a-41bc-b4b9-dafc0a785c4b",
    "playType": "FT",
    "playerId": "AB",
    "timestamp": 1665431740676
  },
  {
    "pId": "154802e1-d1a5-47ea-8ad0-c707f1802926",
    "playType": "TO",
    "playerId": "SN",
    "timestamp": 1665431750354
  },
  {
    "pId": "3ada9d20-1464-40a4-b9da-513874f79466",
    "playType": "STL",
    "playerId": "HJ",
    "timestamp": 1665431752007
  },
  {
    "pId": "488b7a5b-1232-4c57-9ca2-9833a0dca2e5",
    "playType": "FTMI",
    "playerId": "HJ",
    "timestamp": 1665431765584
  },
  {
    "pId": "6742591c-f1a7-46cf-a904-28e08004f650",
    "playType": "FTMI",
    "playerId": "HJ",
    "timestamp": 1665431769669
  },
  {
    "pId": "8a13376a-8c3d-4bbf-b4ea-bd9932738bc0",
    "playType": "REB",
    "playerId": "SN",
    "timestamp": 1665431771936
  },
  {
    "pId": "9ca1c7a9-5398-4bca-a8b5-0fdaaae0d356",
    "playType": "THPTMI",
    "playerId": "CH",
    "timestamp": 1665431779770
  },
  {
    "pId": "992cb5f4-2f9e-4dda-a2a6-f2942b950e15",
    "playType": "OREB",
    "playerId": "JK",
    "timestamp": 1665431780662
  },
  {
    "pId": "1d219447-f848-4fdf-af63-d93e6d9755f2",
    "playType": "TWPTS",
    "playerId": "JK",
    "timestamp": 1665431781444
  },
  {
    "pId": "c431cc45-7a8d-4a1a-9573-17e3c9f21efd",
    "playType": "FT",
    "playerId": "JL",
    "timestamp": 1665431804646
  },
  {
    "pId": "7d58cca7-7567-4f1e-8e17-e69d95af51fc",
    "playType": "FTMI",
    "playerId": "JL",
    "timestamp": 1665431810301
  },
  {
    "pId": "13700af8-e055-477f-886a-d44dac48027d",
    "playType": "REB",
    "playerId": "JK",
    "timestamp": 1665431811360
  },
  {
    "pId": "ee8beabc-4925-492d-8343-c4d264b9224b",
    "playType": "AST",
    "playerId": "P",
    "timestamp": 1665431832783
  },
  {
    "pId": "050b28f8-ca63-4fa6-bcfe-54b276a0fe40",
    "playType": "THPTS",
    "playerId": "T",
    "timestamp": 1665431833456
  }
]