[
  {
    "pId": "d437b32e-943f-469d-86a7-00148766711c",
    "playType": "TWPTMI",
    "playerId": "J",
    "timestamp": 1664244082153
  },
  {
    "pId": "28223f99-e4bf-419d-a117-fd5414a5503e",
    "playType": "REB",
    "playerId": "PC",
    "timestamp": 1664244089659
  },
  {
    "pId": "34b1619b-10a2-416c-9ac6-ecc35ef8ebfb",
    "playType": "TO",
    "playerId": "PC",
    "timestamp": 1664244094389
  },
  {
    "pId": "3d49c363-03aa-4774-b72d-cb67d94d8b54",
    "playType": "STL",
    "playerId": "AD",
    "timestamp": 1664244096333
  },
  {
    "pId": "f348acbc-9708-4871-8eb9-fd1ad41b0d63",
    "playType": "AST",
    "playerId": "AD",
    "timestamp": 1664244132879
  },
  {
    "pId": "10f6b58b-6b04-4c1b-869a-d84104676009",
    "playType": "TWPTS",
    "playerId": "S",
    "timestamp": 1664244136706
  },
  {
    "pId": "d57c3765-4614-449b-a2ff-f4acab7c459c",
    "playType": "TWPTMI",
    "playerId": "JK",
    "timestamp": 1664244150195
  },
  {
    "pId": "70c10c31-a04d-474e-878e-a23a44ab562c",
    "playType": "REB",
    "playerId": "AD",
    "timestamp": 1664244151162
  },
  {
    "pId": "769ebbd1-0425-4a24-86d5-a31e1672ae16",
    "playType": "TWPTMI",
    "playerId": "J",
    "timestamp": 1664244160834
  },
  {
    "pId": "18264ac6-c8b2-476a-9f2a-6aa70bfacae1",
    "playType": "REB",
    "playerId": "PC",
    "timestamp": 1664244172351
  },
  {
    "pId": "108ba9e5-f497-4b0f-a254-34777d2dc9ac",
    "playType": "TWPTMI",
    "playerId": "PC",
    "timestamp": 1664244178709
  },
  {
    "pId": "17dd9505-03fa-4865-a876-9e4923c2ba3f",
    "playType": "TWPTMI",
    "playerId": "JK",
    "timestamp": 1664244180431
  },
  {
    "pId": "ae2900d6-fb3a-4372-b1c8-1888977b841e",
    "playType": "REB",
    "playerId": "J",
    "timestamp": 1664244182747
  },
  {
    "pId": "8c7ac2df-6884-4150-b651-1f93f37448b1",
    "playType": "TWPTMI",
    "playerId": "J",
    "timestamp": 1664244196254
  },
  {
    "pId": "509a876e-50b3-46e4-8795-4428181d7808",
    "playType": "REB",
    "playerId": "JK",
    "timestamp": 1664244197724
  },
  {
    "pId": "452f34a2-2a8f-4831-8db1-7c0b10b809b6",
    "playType": "TO",
    "playerId": "PC",
    "timestamp": 1664244204980
  },
  {
    "pId": "6a2b095b-c30f-4c12-a17a-b7f6dec893b9",
    "playType": "TWPTMI",
    "playerId": "AN",
    "timestamp": 1664244230097
  },
  {
    "pId": "274ecc49-9c61-4bee-aeac-8c6f25f1167d",
    "playType": "REB",
    "playerId": "JK",
    "timestamp": 1664244231292
  },
  {
    "pId": "59bf23dd-6d79-4433-9115-d8623188eba4",
    "playType": "TWPTS",
    "playerId": "PC",
    "timestamp": 1664244240905
  },
  {
    "pId": "f1014008-2e3a-4e6e-a50e-62b28a319981",
    "playType": "STL",
    "playerId": "JK",
    "timestamp": 1664244249774
  },
  {
    "pId": "29638ae2-0a51-4b47-a130-86503f9f4ebe",
    "playType": "TO",
    "playerId": "AN",
    "timestamp": 1664244251573
  },
  {
    "pId": "4b7ae21d-e672-467c-a4ff-12d772cd281a",
    "playType": "TO",
    "playerId": "PC",
    "timestamp": 1664244256493
  },
  {
    "pId": "e767c213-ab94-4a46-b5d1-54d277e27c24",
    "playType": "STL",
    "playerId": "S",
    "timestamp": 1664244266415
  },
  {
    "pId": "fd475e6d-f588-4719-8d36-4755f6c5227f",
    "playType": "THPTMI",
    "playerId": "AN",
    "timestamp": 1664244268828
  },
  {
    "pId": "c636bb54-b35a-4f45-9a01-c82857e351dc",
    "playType": "REB",
    "playerId": "C",
    "timestamp": 1664244269911
  },
  {
    "pId": "15fb20a9-4c40-4a3b-a8c1-f7ab91d08e76",
    "playType": "TWPTS",
    "playerId": "T",
    "timestamp": 1664244288901
  },
  {
    "pId": "7a041399-9ec5-4261-9573-757538552f55",
    "playType": "AST",
    "playerId": "AD",
    "timestamp": 1664244296446
  },
  {
    "pId": "07eb0885-6e6c-4835-9840-ddb65e9040b7",
    "playType": "TWPTS",
    "playerId": "S",
    "timestamp": 1664244297831
  },
  {
    "pId": "b953796b-c463-4521-b402-ac8ccad93ba2",
    "playType": "TWPTMI",
    "playerId": "T",
    "timestamp": 1664244309661
  },
  {
    "pId": "f663995f-19fd-4165-abe5-2d85d2ca1b6e",
    "playType": "OREB",
    "playerId": "C",
    "timestamp": 1664244312300
  },
  {
    "pId": "6fb1a786-33be-4731-94e0-c27d3622699f",
    "playType": "TWPTMI",
    "playerId": "C",
    "timestamp": 1664244313170
  },
  {
    "pId": "65386c6d-0ad1-4b29-aafd-efdba071248c",
    "playType": "REB",
    "playerId": "K",
    "timestamp": 1664244316142
  },
  {
    "pId": "ec8bf7d1-88c5-40d9-a8e5-8897ec9a9129",
    "playType": "THPTMI",
    "playerId": "K",
    "timestamp": 1664244331264
  },
  {
    "pId": "9fb09197-110a-4199-9a4b-1f2e6b5a7e3b",
    "playType": "REB",
    "playerId": "JK",
    "timestamp": 1664244332239
  },
  {
    "pId": "d0bd4756-aefe-4ffd-8640-cb2390a84839",
    "playType": "TWPTS",
    "playerId": "JK",
    "timestamp": 1664244350398
  },
  {
    "pId": "c5e8fad9-73f1-4bf7-9786-560708918b72",
    "playType": "TWPTMI",
    "playerId": "J",
    "timestamp": 1664244362552
  },
  {
    "pId": "b1ed1198-52ac-4192-81d4-01cd181f69da",
    "playType": "REB",
    "playerId": "JK",
    "timestamp": 1664244363456
  },
  {
    "pId": "acefba31-64b2-49e5-a8a9-a9270f676f42",
    "playType": "OREB",
    "playerId": "C",
    "timestamp": 1664244368363
  },
  {
    "pId": "7430a21e-7151-4b07-84fa-e3858f10e9c6",
    "playType": "TWPTMI",
    "playerId": "JK",
    "timestamp": 1664244373695
  },
  {
    "pId": "47603eb1-b898-4ce4-84bf-2e32a5b11d75",
    "playType": "TO",
    "playerId": "C",
    "timestamp": 1664244380336
  },
  {
    "pId": "dd53dc9f-26a0-47e9-b69a-afada0435d56",
    "playType": "THPTMI",
    "playerId": "K",
    "timestamp": 1664244397400
  },
  {
    "pId": "208fd3cf-d541-4761-b53c-1f66297d6be8",
    "playType": "OREB",
    "playerId": "S",
    "timestamp": 1664244398740
  },
  {
    "pId": "c587c4ee-6f81-4ad9-ae6f-ca0d06bda5bd",
    "playType": "TO",
    "playerId": "S",
    "timestamp": 1664244401433
  },
  {
    "pId": "c8e600fc-0673-4ddb-b1af-55bf57961979",
    "playType": "STL",
    "playerId": "C",
    "timestamp": 1664244403073
  },
  {
    "pId": "ca41cbeb-2b03-405b-89b5-280dd4cf9e98",
    "playType": "TWPTS",
    "playerId": "C",
    "timestamp": 1664244404363
  },
  {
    "pId": "ca547f52-8711-45a7-813c-50571838ed3c",
    "playType": "TWPTMI",
    "playerId": "J",
    "timestamp": 1664244412192
  },
  {
    "pId": "c4fc4bcf-692d-499f-8214-80ba182f25bd",
    "playType": "REB",
    "playerId": "T",
    "timestamp": 1664244414033
  },
  {
    "pId": "63fed75e-3a85-4895-afef-87464802944c",
    "playType": "TWPTMI",
    "playerId": "T",
    "timestamp": 1664244418821
  },
  {
    "pId": "bea8471d-8682-404b-ae04-0e15804f4257",
    "playType": "OREB",
    "playerId": "JK",
    "timestamp": 1664244419911
  },
  {
    "pId": "f3fbaf17-8726-4707-b7d2-31a24bd5505b",
    "playType": "TWPTS",
    "playerId": "JK",
    "timestamp": 1664244420731
  },
  {
    "pId": "2037a360-99ba-4dde-8443-56c9615c0afb",
    "playType": "TWPTS",
    "playerId": "J",
    "timestamp": 1664244428035
  },
  {
    "pId": "6fbc6ebc-0e91-4ba1-a778-78f1e5032992",
    "playType": "TWPTMI",
    "playerId": "PC",
    "timestamp": 1664244441505
  },
  {
    "pId": "35efece8-fed8-4bc8-a363-4ac3072689aa",
    "playType": "REB",
    "playerId": "J",
    "timestamp": 1664244443269
  },
  {
    "pId": "af7d18ad-062a-4b98-818d-e143a81eef5c",
    "playType": "TO",
    "playerId": "K",
    "timestamp": 1664244451022
  },
  {
    "pId": "b4d55086-7bc1-472b-a754-7be8f8efc74f",
    "playType": "STL",
    "playerId": "C",
    "timestamp": 1664244452434
  },
  {
    "pId": "fef9164d-a218-4f9c-a59d-18a21d3c9d24",
    "playType": "AST",
    "playerId": "R",
    "timestamp": 1664244455455
  },
  {
    "pId": "41da5538-dc6f-4ead-afd0-94fddf56cf80",
    "playType": "TWPTS",
    "playerId": "JK",
    "timestamp": 1664244456916
  },
  {
    "pId": "a140c19a-03f1-4cf2-ae89-29a98cbfa2c1",
    "playType": "AST",
    "playerId": "S",
    "timestamp": 1664244466104
  },
  {
    "pId": "956d9e56-ca65-41d5-8764-d4f5a259ba5e",
    "playType": "TWPTS",
    "playerId": "J",
    "timestamp": 1664244466972
  },
  {
    "pId": "bdde85f7-9146-457c-afa2-ebae7dd807d0",
    "playType": "THPTMI",
    "playerId": "PC",
    "timestamp": 1664244478870
  },
  {
    "pId": "7850a3b2-9b39-498d-9c82-b154a16894d9",
    "playType": "OREB",
    "playerId": "PC",
    "timestamp": 1664244481312
  },
  {
    "pId": "2f362ca9-ec8c-40af-84e6-f42be8b1d2ff",
    "playType": "AST",
    "playerId": "JK",
    "timestamp": 1664244484893
  },
  {
    "pId": "02848c85-0d81-460d-9548-f227c499b0b3",
    "playType": "TWPTS",
    "playerId": "T",
    "timestamp": 1664244485831
  },
  {
    "pId": "bbb92964-f56b-48f1-b927-71e4e132ee2d",
    "playType": "THPTMI",
    "playerId": "K",
    "timestamp": 1664244507542
  },
  {
    "pId": "161ce854-b6c2-4d80-aba4-29f1c601884a",
    "playType": "REB",
    "playerId": "JK",
    "timestamp": 1664244508499
  },
  {
    "pId": "ec13fae2-1d7a-4b16-91d5-e43fb54ce56d",
    "playType": "THPTS",
    "playerId": "T",
    "timestamp": 1664244523893
  },
  {
    "pId": "03a221a5-8f4d-45aa-bd83-5bafb4cbca32",
    "playType": "AST",
    "playerId": "AN",
    "timestamp": 1664244560271
  },
  {
    "pId": "98a57ce7-d6a8-4dd5-b106-b583abfb3d6e",
    "playType": "TWPTS",
    "playerId": "AD",
    "timestamp": 1664244561759
  },
  {
    "pId": "33f67e31-be53-4676-80c4-88db710caab7",
    "playType": "THPTMI",
    "playerId": "R",
    "timestamp": 1664244607768
  },
  {
    "pId": "9d8858c7-08c4-461e-be6a-d04ca86d0e3f",
    "playType": "REB",
    "playerId": "AD",
    "timestamp": 1664244610258
  },
  {
    "pId": "a218768c-3553-4cc3-bbab-9c3bd980cab5",
    "playType": "TWPTS",
    "playerId": "AN",
    "timestamp": 1664244613336
  },
  {
    "pId": "80651b00-a7b1-4173-957b-46acf4b30744",
    "playType": "TWPTS",
    "playerId": "JK",
    "timestamp": 1664244630740
  },
  {
    "pId": "7aec2372-b08d-4cee-8cf9-465d94ca76aa",
    "playType": "THPTMI",
    "playerId": "AD",
    "timestamp": 1664244633578
  },
  {
    "pId": "7646e67b-d871-4d17-99ac-a076cde947fe",
    "playType": "TWPTMI",
    "playerId": "JK",
    "timestamp": 1664244640487
  },
  {
    "pId": "477b276c-bcf7-4a89-bae5-0c1ecb4422ae",
    "playType": "REB",
    "playerId": "J",
    "timestamp": 1664244647662
  },
  {
    "pId": "8795d976-8414-47b7-9824-357dd44f3053",
    "playType": "AST",
    "playerId": "S",
    "timestamp": 1664244654354
  },
  {
    "pId": "9f841863-2865-4ee8-886c-8c774fdcda50",
    "playType": "TWPTS",
    "playerId": "J",
    "timestamp": 1664244655347
  },
  {
    "pId": "0c7efd4a-d151-4011-9501-7fefc28d1b27",
    "playType": "THPTMI",
    "playerId": "PC",
    "timestamp": 1664244664637
  },
  {
    "pId": "dffcd4a7-43d4-409f-9f31-1a23d2f84ca7",
    "playType": "REB",
    "playerId": "AD",
    "timestamp": 1664244666221
  },
  {
    "pId": "12583d3d-61dd-49f5-b4f8-c485eaf96235",
    "playType": "THPTMI",
    "playerId": "K",
    "timestamp": 1664244677425
  },
  {
    "pId": "4a3a8191-46ea-4505-84b3-36953f8f19c0",
    "playType": "REB",
    "playerId": "R",
    "timestamp": 1664244679362
  },
  {
    "pId": "5a13d5de-e3c6-45d9-870d-bf14d83806af",
    "playType": "TO",
    "playerId": "JK",
    "timestamp": 1664244716364
  },
  {
    "pId": "112ea40f-6c3c-4c17-8964-31b41e87656b",
    "playType": "TWPTMI",
    "playerId": "S",
    "timestamp": 1664244732807
  },
  {
    "pId": "d2c125c0-5a94-4298-8fff-0aaeee3c4784",
    "playType": "OREB",
    "playerId": "S",
    "timestamp": 1664244740899
  },
  {
    "pId": "67072e1f-ea85-4efe-889d-14208091bd6b",
    "playType": "TO",
    "playerId": "S",
    "timestamp": 1664244742169
  },
  {
    "pId": "86bef03f-2c3e-476d-9731-76f81df2a828",
    "playType": "STL",
    "playerId": "R",
    "timestamp": 1664244743466
  },
  {
    "pId": "5328ce3d-55a2-4e60-ae71-1d85d62c141d",
    "playType": "TWPTS",
    "playerId": "SN",
    "timestamp": 1664244745733
  },
  {
    "pId": "4d1f17e4-306a-4410-84f7-d4002ab97281",
    "playType": "STL",
    "playerId": "SN",
    "timestamp": 1664244748312
  },
  {
    "pId": "890bd5ff-135a-4ebb-b774-6fcbc6c9db1a",
    "playType": "TO",
    "playerId": "AD",
    "timestamp": 1664244750326
  },
  {
    "pId": "90b6021f-9f0c-439d-a6c1-144b34e82322",
    "playType": "TWPTMI",
    "playerId": "R",
    "timestamp": 1664244752578
  },
  {
    "pId": "d4e45264-c4bb-44b8-b5f3-b6617bb2664c",
    "playType": "REB",
    "playerId": "J",
    "timestamp": 1664244753915
  },
  {
    "pId": "988c68e4-ea46-4e42-b20f-5ac393d519e1",
    "playType": "THPTMI",
    "playerId": "AN",
    "timestamp": 1664244761505
  },
  {
    "pId": "c2caae5a-609a-453c-ab36-54c7ea6c3f87",
    "playType": "OREB",
    "playerId": "S",
    "timestamp": 1664244762805
  },
  {
    "pId": "46893a11-ea8c-41e5-a5e6-782f44636acb",
    "playType": "THPTS",
    "playerId": "AD",
    "timestamp": 1664244765909
  },
  {
    "pId": "60e7cd22-fc38-46d4-9d13-cc72c6530a15",
    "playType": "AST",
    "playerId": "S",
    "timestamp": 1664244767412
  },
  {
    "pId": "d41425ac-fce6-40b6-b50f-2fcdf1c0b406",
    "playType": "THPTMI",
    "playerId": "C",
    "timestamp": 1664244778121
  },
  {
    "pId": "3fcb7dae-4a0d-4dad-ae32-f1be8f486ad6",
    "playType": "REB",
    "playerId": "S",
    "timestamp": 1664244780279
  },
  {
    "pId": "f450a671-9473-4a6a-b2eb-dc3f977be919",
    "playType": "THPTMI",
    "playerId": "AD",
    "timestamp": 1664244784982
  },
  {
    "pId": "a07d6898-1a30-4186-83da-1899a94252e2",
    "playType": "REB",
    "playerId": "SN",
    "timestamp": 1664244786962
  },
  {
    "pId": "95cea2e4-630d-4ad9-9d6f-d703c1da1285",
    "playType": "TWPTMI",
    "playerId": "T",
    "timestamp": 1664244808360
  },
  {
    "pId": "e5e2b890-b467-4adf-a3c5-225ebe890f13",
    "playType": "REB",
    "playerId": "S",
    "timestamp": 1664244809922
  },
  {
    "pId": "4a4e4784-87b7-4043-829e-ddd170938462",
    "playType": "TWPTS",
    "playerId": "K",
    "timestamp": 1664244817858
  },
  {
    "pId": "94515de7-667c-4cbb-8816-b5dfe7827387",
    "playType": "AST",
    "playerId": "AD",
    "timestamp": 1664244819120
  },
  {
    "pId": "07d77be6-2a92-4a5e-a5b0-c7bfb953c33b",
    "playType": "THPTMI",
    "playerId": "HY",
    "timestamp": 1664244842217
  },
  {
    "pId": "cf5a3963-dde9-4d34-a974-11f3e22fb566",
    "playType": "REB",
    "playerId": "AD",
    "timestamp": 1664244843563
  },
  {
    "pId": "d0889364-4470-4da1-a097-11f13e110000",
    "playType": "THPTMI",
    "playerId": "K",
    "timestamp": 1664244849884
  },
  {
    "pId": "56d1b99f-1a5f-4eff-8376-a5b570496def",
    "playType": "REB",
    "playerId": "R",
    "timestamp": 1664244850642
  },
  {
    "pId": "095ffc6b-3012-41d8-ad64-c4ec56942d49",
    "playType": "THPTMI",
    "playerId": "SN",
    "timestamp": 1664244856835
  },
  {
    "pId": "542c017d-cf18-415b-a831-1c0ecddacdfd",
    "playType": "REB",
    "playerId": "J",
    "timestamp": 1664244857811
  },
  {
    "pId": "6e19cde8-d45c-4a29-a749-22672dcd71cb",
    "playType": "TO",
    "playerId": "AN",
    "timestamp": 1664244878386
  },
  {
    "pId": "120e01e5-a021-42e7-95c0-3c1f766cf0f0",
    "playType": "STL",
    "playerId": "C",
    "timestamp": 1664244879447
  },
  {
    "pId": "77f81993-4c03-4dd9-b584-4eb1922bff2b",
    "playType": "TWPTS",
    "playerId": "SN",
    "timestamp": 1664244883465
  },
  {
    "pId": "d3644ada-39a7-4df2-99d9-17a6bac687a4",
    "playType": "AST",
    "playerId": "AD",
    "timestamp": 1664244895076
  },
  {
    "pId": "fda6682e-e861-4798-987f-658350526f4e",
    "playType": "THPTS",
    "playerId": "S",
    "timestamp": 1664244896652
  },
  {
    "pId": "43df5762-6ce6-4613-88f3-0637b4ff579b",
    "playType": "TWPTMI",
    "playerId": "HY",
    "timestamp": 1664244908211
  },
  {
    "pId": "32deeb19-4718-4032-a0b4-b9633117ad48",
    "playType": "REB",
    "playerId": "J",
    "timestamp": 1664244909496
  },
  {
    "pId": "6e51b881-c883-428d-9a2f-2fd8abccff1b",
    "playType": "THPTMI",
    "playerId": "AD",
    "timestamp": 1664244921896
  },
  {
    "pId": "17cebaa6-bba1-4475-9db0-5e57a9062d2b",
    "playType": "REB",
    "playerId": "SN",
    "timestamp": 1664244927562
  },
  {
    "pId": "893a74ff-33b5-4cdb-ba51-85e4706c096c",
    "playType": "THPTS",
    "playerId": "HY",
    "timestamp": 1664244940780
  },
  {
    "pId": "b95ff7b1-740e-4e39-97ca-9d70939f990c",
    "playType": "AST",
    "playerId": "T",
    "timestamp": 1664244943568
  },
  {
    "pId": "1ab0aa1b-8d76-4154-acf0-ffcb3e9590aa",
    "playType": "TWPTMI",
    "playerId": "J",
    "timestamp": 1664244961047
  },
  {
    "pId": "759d82a6-e2ab-41d0-912b-2a6e87302ecd",
    "playType": "REB",
    "playerId": "SN",
    "timestamp": 1664244962044
  },
  {
    "pId": "3e473211-e58c-471a-bb51-a87322507548",
    "playType": "TWPTMI",
    "playerId": "SN",
    "timestamp": 1664244975129
  },
  {
    "pId": "16dc3a7e-5f6a-401a-9319-faf4f7cc8bfc",
    "playType": "OREB",
    "playerId": "SN",
    "timestamp": 1664244979180
  },
  {
    "pId": "b972e5aa-4d56-46df-a8e6-9b820c1eeba8",
    "playType": "TWPTMI",
    "playerId": "SN",
    "timestamp": 1664244980900
  },
  {
    "pId": "0d3ff7be-2266-4531-878b-96b00b9a7522",
    "playType": "OREB",
    "playerId": "SN",
    "timestamp": 1664244982204
  },
  {
    "pId": "72de32e5-d8a9-4a40-88e2-ddd436109923",
    "playType": "TWPTMI",
    "playerId": "R",
    "timestamp": 1664244985844
  },
  {
    "pId": "0c5e1e8b-abea-4e4a-b22b-d7a80a57d2d4",
    "playType": "REB",
    "playerId": "S",
    "timestamp": 1664244987559
  },
  {
    "pId": "e9c0df14-e8db-4efa-8deb-0e865ca0bc00",
    "playType": "TWPTMI",
    "playerId": "J",
    "timestamp": 1664244990850
  },
  {
    "pId": "6604f11b-9e35-4b09-9f99-a3df6c710206",
    "playType": "REB",
    "playerId": "SN",
    "timestamp": 1664244992084
  },
  {
    "pId": "4f789308-7ed7-4bf6-aa4d-11a24bc8f774",
    "playType": "AST",
    "playerId": "R",
    "timestamp": 1664244999108
  },
  {
    "pId": "13b584ba-d1f5-4baf-9cae-220219c11a8e",
    "playType": "THPTS",
    "playerId": "HY",
    "timestamp": 1664245000563
  },
  {
    "pId": "6dd8f5de-40fd-4204-b0b3-e4e9c04af22f",
    "playType": "TWPTMI",
    "playerId": "S",
    "timestamp": 1664245016512
  },
  {
    "pId": "34e21602-bf60-4248-9cce-a60606674fbf",
    "playType": "REB",
    "playerId": "SN",
    "timestamp": 1664245019010
  },
  {
    "pId": "44b5b3da-e848-4aa9-b0e4-0da4d87e3b00",
    "playType": "TWPTMI",
    "playerId": "R",
    "timestamp": 1664245024226
  },
  {
    "pId": "6d798f5c-8431-4046-8e2f-c3997057698f",
    "playType": "OREB",
    "playerId": "C",
    "timestamp": 1664245034453
  },
  {
    "pId": "f515dd20-0721-47c5-b7a7-c9649261aea4",
    "playType": "AST",
    "playerId": "R",
    "timestamp": 1664245043670
  },
  {
    "pId": "5d0a73a1-d43d-438f-b03c-90c7ffd9c9b5",
    "playType": "TWPTS",
    "playerId": "HY",
    "timestamp": 1664245045065
  },
  {
    "pId": "94338334-48ac-4a22-948e-874f140329ff",
    "playType": "THPTMI",
    "playerId": "AD",
    "timestamp": 1664245053741
  },
  {
    "pId": "d7ce3859-d0fe-4fc2-8325-21aff4d667e4",
    "playType": "OREB",
    "playerId": "J",
    "timestamp": 1664245055174
  },
  {
    "pId": "b2f1cc17-22bc-4207-8a36-3660b39199df",
    "playType": "TO",
    "playerId": "J",
    "timestamp": 1664245056923
  },
  {
    "pId": "cf2d6669-146a-4d45-931d-52867f068b66",
    "playType": "TWPTMI",
    "playerId": "C",
    "timestamp": 1664245079551
  },
  {
    "pId": "1e7cd5aa-7eb8-4732-9fdc-f197b33e07c8",
    "playType": "REB",
    "playerId": "AD",
    "timestamp": 1664245080616
  },
  {
    "pId": "11eca5bb-bb77-40d9-a6da-aff85e5664fd",
    "playType": "TWPTS",
    "playerId": "AD",
    "timestamp": 1664245083787
  },
  {
    "pId": "bbc3d749-0b43-4360-8685-903c5d32be41",
    "playType": "TWPTS",
    "playerId": "SN",
    "timestamp": 1664245094814
  },
  {
    "pId": "30b071ed-eeab-4a6b-86da-880749585068",
    "playType": "TWPTS",
    "playerId": "S",
    "timestamp": 1664245104318
  },
  {
    "pId": "6eaeb76d-71e9-4299-9dc7-e5b9d83726c1",
    "playType": "THPTS",
    "playerId": "T",
    "timestamp": 1664245108695
  },
  {
    "pId": "98d36bd5-6fb4-4c6f-9e41-acbf4374024e",
    "playType": "AST",
    "playerId": "C",
    "timestamp": 1664245111834
  },
  {
    "pId": "a4793f0f-90d8-4c98-8bbd-e2c8f5649f2e",
    "playType": "TWPTMI",
    "playerId": "AN",
    "timestamp": 1664245117273
  },
  {
    "pId": "43e80f8a-d4af-4720-819c-b32ad2139710",
    "playType": "OREB",
    "playerId": "S",
    "timestamp": 1664245118182
  },
  {
    "pId": "fbdda905-aab2-4836-928d-624c2ad6075f",
    "playType": "TWPTS",
    "playerId": "S",
    "timestamp": 1664245119117
  },
  {
    "pId": "522c55fe-9195-474b-8152-59cf6f85b1dc",
    "playType": "THPTS",
    "playerId": "T",
    "timestamp": 1664245139254
  },
  {
    "pId": "acb18511-8c84-4b38-89c3-d56821af46d1",
    "playType": "AST",
    "playerId": "C",
    "timestamp": 1664245143603
  },
  {
    "pId": "e1164f71-7d01-40bd-a49e-17999c0800db",
    "playType": "THPTMI",
    "playerId": "K",
    "timestamp": 1664245151414
  },
  {
    "pId": "c12126ba-b3e2-4363-84aa-a4d1def2abe6",
    "playType": "OREB",
    "playerId": "S",
    "timestamp": 1664245152504
  },
  {
    "pId": "1fa88580-deab-483f-8376-1448f5b1ea7f",
    "playType": "AST",
    "playerId": "S",
    "timestamp": 1664245153829
  },
  {
    "pId": "a5f3c81e-1a81-466d-bb34-a9061bd082cb",
    "playType": "TWPTS",
    "playerId": "J",
    "timestamp": 1664245154991
  },
  {
    "pId": "1215f768-a979-4c42-8bf1-d08ba2116145",
    "playType": "TO",
    "playerId": "T",
    "timestamp": 1664245169025
  },
  {
    "pId": "45dfd41d-233d-4b23-a0e0-f766dbf2bc26",
    "playType": "STL",
    "playerId": "AN",
    "timestamp": 1664245177886
  },
  {
    "pId": "c3fab30d-db50-4771-9844-b9a756d4d08a",
    "playType": "TWPTMI",
    "playerId": "JK",
    "timestamp": 1664245205677
  },
  {
    "pId": "1e71d9af-521e-4dbe-8e37-914aa5078926",
    "playType": "REB",
    "playerId": "AN",
    "timestamp": 1664245207120
  },
  {
    "pId": "6d6ac62a-ccb6-4835-997c-3384231ca1cf",
    "playType": "AST",
    "playerId": "AN",
    "timestamp": 1664245209328
  },
  {
    "pId": "f3bd136d-20c5-4f9e-a93e-6afae0774a4b",
    "playType": "TWPTS",
    "playerId": "S",
    "timestamp": 1664245210235
  },
  {
    "pId": "433603db-0589-4a6f-ac9f-aad9122e8b24",
    "playType": "THPTMI",
    "playerId": "R",
    "timestamp": 1664245218134
  },
  {
    "pId": "f0604545-991e-4d13-9d0c-1755a8f044ab",
    "playType": "OREB",
    "playerId": "HY",
    "timestamp": 1664245219370
  },
  {
    "pId": "e601fad2-13bf-4829-a8e4-82b83a4f061a",
    "playType": "AST",
    "playerId": "HY",
    "timestamp": 1664245220196
  },
  {
    "pId": "9afedf95-bc26-4052-918d-334f6215d671",
    "playType": "TWPTS",
    "playerId": "JK",
    "timestamp": 1664245221273
  },
  {
    "pId": "696b5746-beef-46a6-ae6d-8cba25c06402",
    "playType": "TWPTS",
    "playerId": "J",
    "timestamp": 1664245229043
  },
  {
    "pId": "d012bf50-5863-4e55-9dfa-5cf5aecced86",
    "playType": "THPTMI",
    "playerId": "HY",
    "timestamp": 1664245240379
  },
  {
    "pId": "0afffe4b-a09f-44d1-b012-fc841b387389",
    "playType": "OREB",
    "playerId": "JK",
    "timestamp": 1664245241570
  },
  {
    "pId": "398f4aab-aa34-4560-878d-9cdc3279da49",
    "playType": "TWPTMI",
    "playerId": "JK",
    "timestamp": 1664245243710
  },
  {
    "pId": "a56cac10-0c1c-4718-b12f-a903ab5f09d9",
    "playType": "REB",
    "playerId": "AD",
    "timestamp": 1664245247251
  },
  {
    "pId": "a3eadf70-1bc3-4568-b3f4-8c2e2a76b2e7",
    "playType": "THPTMI",
    "playerId": "K",
    "timestamp": 1664245251372
  },
  {
    "pId": "4b54638c-e3d7-4241-b6c0-90bb87b31286",
    "playType": "OREB",
    "playerId": "S",
    "timestamp": 1664245252536
  },
  {
    "pId": "a663836b-2f61-441b-bc58-c1a3289350a3",
    "playType": "TO",
    "playerId": "AD",
    "timestamp": 1664245259085
  },
  {
    "pId": "92adca17-6a6c-426e-a217-18f9a00aca2e",
    "playType": "TWPTMI",
    "playerId": "JK",
    "timestamp": 1664245276139
  },
  {
    "pId": "d46dcca9-f18b-4edc-a865-d50cf9a1dbda",
    "playType": "REB",
    "playerId": "S",
    "timestamp": 1664245277866
  },
  {
    "pId": "d4bfb88d-160f-4255-999f-8694f88b5eee",
    "playType": "TWPTS",
    "playerId": "J",
    "timestamp": 1664245282381
  },
  {
    "pId": "a7758c50-7468-4b7d-89c4-9492145cadad",
    "playType": "AST",
    "playerId": "AN",
    "timestamp": 1664245284296
  },
  {
    "pId": "dc5ad5ef-ebac-49b2-ad74-2fe86ae5e115",
    "playType": "TO",
    "playerId": "JK",
    "timestamp": 1664245295768
  },
  {
    "pId": "b82b3bcc-12a4-4bf5-ab6c-63357365e73f",
    "playType": "TO",
    "playerId": "J",
    "timestamp": 1664245325696
  },
  {
    "pId": "f6b1eed1-4039-48c3-9cf2-d4bd25b88bf1",
    "playType": "STL",
    "playerId": "HY",
    "timestamp": 1664245327239
  },
  {
    "pId": "872ce63a-6504-4cdc-ade0-82d1d24c9e9b",
    "playType": "AST",
    "playerId": "HY",
    "timestamp": 1664245329371
  },
  {
    "pId": "f321c63b-0d65-42da-9a0f-441e700c7216",
    "playType": "TWPTS",
    "playerId": "JK",
    "timestamp": 1664245330195
  },
  {
    "pId": "a9c77541-81f3-4d1b-8898-2aafb8d25390",
    "playType": "BLK",
    "playerId": "JK",
    "timestamp": 1664245340862
  },
  {
    "pId": "3d806408-24bb-4adb-b093-24082f4791bb",
    "playType": "TWPTMI",
    "playerId": "J",
    "timestamp": 1664245341612
  },
  {
    "pId": "d25b60c8-29fb-4a5d-ae22-531e2519f129",
    "playType": "REB",
    "playerId": "HY",
    "timestamp": 1664245344404
  },
  {
    "pId": "44656d65-1e97-4a7e-a008-df2ec5c38700",
    "playType": "TO",
    "playerId": "HY",
    "timestamp": 1664245346039
  },
  {
    "pId": "59cc1ad6-0c38-4bb7-85e2-82151f071c18",
    "playType": "STL",
    "playerId": "AN",
    "timestamp": 1664245348551
  },
  {
    "pId": "49d7b31f-d241-444f-8f11-0cdf1f259861",
    "playType": "THPTMI",
    "playerId": "K",
    "timestamp": 1664245353096
  },
  {
    "pId": "fdef7912-c673-44a6-bf84-29f1f7699e38",
    "playType": "REB",
    "playerId": "T",
    "timestamp": 1664245354200
  },
  {
    "pId": "b35bdac0-1f3d-4909-b62a-31d3345cd613",
    "playType": "AST",
    "playerId": "JK",
    "timestamp": 1664245359672
  },
  {
    "pId": "a5732927-65a5-4e13-bb8a-0501c06f2ff7",
    "playType": "THPTS",
    "playerId": "R",
    "timestamp": 1664245362236
  },
  {
    "pId": "f313ed61-1978-4617-992c-1a0faca52af9",
    "playType": "BLK",
    "playerId": "C",
    "timestamp": 1664245368951
  },
  {
    "pId": "d0bd113e-7b18-4534-9d5d-07ee33cc592e",
    "playType": "TWPTMI",
    "playerId": "K",
    "timestamp": 1664245371195
  },
  {
    "pId": "baede2ce-8186-4cb8-b994-98cebd62754e",
    "playType": "REB",
    "playerId": "HY",
    "timestamp": 1664245372761
  },
  {
    "pId": "1489d768-0a53-43b6-9066-9c6cd2214a4a",
    "playType": "AST",
    "playerId": "HY",
    "timestamp": 1664245378671
  },
  {
    "pId": "923ed8b6-ef57-462a-9df3-44ac69d813e9",
    "playType": "TWPTS",
    "playerId": "R",
    "timestamp": 1664245379712
  },
  {
    "pId": "fda503cb-9d5b-4ef6-8396-c675c3ba88fc",
    "playType": "TWPTS",
    "playerId": "S",
    "timestamp": 1664245391069
  },
  {
    "pId": "814df326-fb71-4c48-8df1-01be7b9449ea",
    "playType": "TWPTMI",
    "playerId": "C",
    "timestamp": 1664245412209
  },
  {
    "pId": "beb19b27-2422-4a81-beb3-8519272c9ccc",
    "playType": "REB",
    "playerId": "K",
    "timestamp": 1664245417685
  },
  {
    "pId": "c10fb0a6-aefe-4fa1-985e-7e7d0f8c9b49",
    "playType": "THPTMI",
    "playerId": "AN",
    "timestamp": 1664245425174
  },
  {
    "pId": "342ce17a-762e-4848-b856-85901dac77fd",
    "playType": "OREB",
    "playerId": "S",
    "timestamp": 1664245426540
  },
  {
    "pId": "7d59ab9a-9c92-4dcb-8953-640925eeaebd",
    "playType": "TWPTMI",
    "playerId": "S",
    "timestamp": 1664245444836
  },
  {
    "pId": "3ac3d71d-a661-45ad-85e2-02d5c929b677",
    "playType": "REB",
    "playerId": "JK",
    "timestamp": 1664245445961
  },
  {
    "pId": "b45c62a8-8bca-4982-9a0e-6ab5aea0ef27",
    "playType": "TWPTMI",
    "playerId": "R",
    "timestamp": 1664245449223
  },
  {
    "pId": "eed0c905-3f69-4fea-93d8-0879cb3f4854",
    "playType": "REB",
    "playerId": "AN",
    "timestamp": 1664245450608
  },
  {
    "pId": "3b79c2c1-5b82-48ed-8d24-e2cf8932e977",
    "playType": "TO",
    "playerId": "AD",
    "timestamp": 1664245455950
  },
  {
    "pId": "08fb5fc1-6c30-43a3-9734-50993ea17395",
    "playType": "TWPTMI",
    "playerId": "JK",
    "timestamp": 1664245464957
  },
  {
    "pId": "c3e1060e-5d07-4ceb-8169-3845c13c8ac6",
    "playType": "REB",
    "playerId": "S",
    "timestamp": 1664245470479
  },
  {
    "pId": "6f1abadf-9368-4302-8784-bf024e67053d",
    "playType": "THPTMI",
    "playerId": "AN",
    "timestamp": 1664245474312
  },
  {
    "pId": "72e672a6-e882-41c4-b8c1-f04bbc4d37cf",
    "playType": "REB",
    "playerId": "JK",
    "timestamp": 1664245475133
  },
  {
    "pId": "4a4517b7-c06a-4b4a-8e78-cd5a6474c73d",
    "playType": "TWPTMI",
    "playerId": "JK",
    "timestamp": 1664245484323
  },
  {
    "pId": "c1c6beb0-88ca-4116-b178-d539914f8fb4",
    "playType": "OREB",
    "playerId": "C",
    "timestamp": 1664245485229
  },
  {
    "pId": "4f8e9e01-b048-43cd-bddc-aa670209d598",
    "playType": "TWPTMI",
    "playerId": "C",
    "timestamp": 1664245486899
  },
  {
    "pId": "ab1c9ad0-a0b6-43b4-a1a2-179e39c9e9e0",
    "playType": "REB",
    "playerId": "J",
    "timestamp": 1664245492121
  },
  {
    "pId": "e842a153-21a5-438b-b08d-d039fb33a25e",
    "playType": "TWPTS",
    "playerId": "S",
    "timestamp": 1664245499498
  },
  {
    "pId": "1af67329-50d8-435d-b832-82d5a1c5f35e",
    "playType": "THPTS",
    "playerId": "R",
    "timestamp": 1664245510737
  },
  {
    "pId": "49205edf-e64e-41b9-9992-9c5aa306156c",
    "playType": "AST",
    "playerId": "T",
    "timestamp": 1664245511805
  },
  {
    "pId": "26db9a57-569e-4ea5-ad56-081edced0264",
    "playType": "TWPTS",
    "playerId": "AN",
    "timestamp": 1664245515151
  },
  {
    "pId": "044120c8-4e99-4c15-849c-6b82d71db026",
    "playType": "AST",
    "playerId": "C",
    "timestamp": 1664245524446
  },
  {
    "pId": "00b4a26e-a81e-4b45-918f-929246abf1ae",
    "playType": "THPTS",
    "playerId": "HY",
    "timestamp": 1664245525912
  },
  {
    "pId": "f91b9644-3489-4d67-b972-261ea057dac6",
    "playType": "TWPTMI",
    "playerId": "K",
    "timestamp": 1664245540343
  },
  {
    "pId": "c5385f30-1b9f-4c8e-8138-a2918a3f2af6",
    "playType": "REB",
    "playerId": "JK",
    "timestamp": 1664245544087
  },
  {
    "pId": "3e3b0bae-e667-49f9-ac04-298aebd51fc7",
    "playType": "AST",
    "playerId": "HY",
    "timestamp": 1664245548297
  },
  {
    "pId": "0fb52cf2-47f5-4746-9399-afc01866e662",
    "playType": "TWPTS",
    "playerId": "JK",
    "timestamp": 1664245552159
  },
  {
    "pId": "950d2af7-9748-47b0-abf4-6f56476b0a20",
    "playType": "TWPTMI",
    "playerId": "S",
    "timestamp": 1664245557362
  },
  {
    "pId": "ef9352df-0692-45d3-921e-b2840c0346f2",
    "playType": "REB",
    "playerId": "AN",
    "timestamp": 1664245567491
  },
  {
    "pId": "fd33ea12-24e2-469d-aec4-17ab4f6932f1",
    "playType": "TWPTS",
    "playerId": "R",
    "timestamp": 1664245569190
  },
  {
    "pId": "c8d0b713-a524-495d-b1a7-beb87bee8493",
    "playType": "TWPTMI",
    "playerId": "J",
    "timestamp": 1664245575535
  },
  {
    "pId": "ec539bf1-8175-41af-b3f5-9c75951d2580",
    "playType": "REB",
    "playerId": "C",
    "timestamp": 1664245577000
  },
  {
    "pId": "1aba3aaa-448b-49a0-8f90-d74eb68ed78e",
    "playType": "STL",
    "playerId": "AN",
    "timestamp": 1664245592040
  },
  {
    "pId": "083c30a1-b067-43a4-9aba-2978d4cf49cb",
    "playType": "TO",
    "playerId": "C",
    "timestamp": 1664245592741
  },
  {
    "pId": "401ee995-87d1-4f37-9b55-b7c36f3551c9",
    "playType": "AST",
    "playerId": "AN",
    "timestamp": 1664245593961
  },
  {
    "pId": "a2d91aa3-397e-4ddb-954d-6f50c694a3f7",
    "playType": "TWPTS",
    "playerId": "J",
    "timestamp": 1664245594701
  },
  {
    "pId": "59cc5f55-f767-4f55-8a7e-de10fe934468",
    "playType": "TWPTMI",
    "playerId": "C",
    "timestamp": 1664245600627
  },
  {
    "pId": "7f0ae12a-dd6e-4db7-977e-46d4c97287e8",
    "playType": "REB",
    "playerId": "J",
    "timestamp": 1664245606009
  },
  {
    "pId": "1c99e8c4-db59-4e1b-8a76-b560d64b8673",
    "playType": "TWPTMI",
    "playerId": "AN",
    "timestamp": 1664245617150
  },
  {
    "pId": "f4c619ea-f5ac-4f3b-b386-75f162cdaf90",
    "playType": "OREB",
    "playerId": "S",
    "timestamp": 1664245618404
  },
  {
    "pId": "b2f78b1e-1520-4a21-aa27-326aa7e84555",
    "playType": "AST",
    "playerId": "S",
    "timestamp": 1664245620756
  },
  {
    "pId": "88147610-7e3b-4550-8ada-bb39a7bcacb3",
    "playType": "TWPTS",
    "playerId": "AN",
    "timestamp": 1664245621751
  },
  {
    "pId": "edffdce8-e2db-40e9-97ef-01ebda87ec21",
    "playType": "TWPTMI",
    "playerId": "C",
    "timestamp": 1664245638235
  },
  {
    "pId": "be191649-a571-466f-af8f-a7025389f466",
    "playType": "THPTMI",
    "playerId": "R",
    "timestamp": 1664245653360
  },
  {
    "pId": "10db7c8c-9c6b-4b8d-b05f-a2157d9e2d93",
    "playType": "REB",
    "playerId": "J",
    "timestamp": 1664245654756
  },
  {
    "pId": "6faf4e85-b226-4dea-b739-8f05f1feda1d",
    "playType": "THPTMI",
    "playerId": "AN",
    "timestamp": 1664245661806
  },
  {
    "pId": "9a3cfe74-df72-41f7-931e-0c2d58fa2395",
    "playType": "REB",
    "playerId": "JK",
    "timestamp": 1664245663414
  },
  {
    "pId": "0c28af1c-e153-4134-b46f-33e6ade7ab08",
    "playType": "TWPTS",
    "playerId": "JK",
    "timestamp": 1664245667170
  },
  {
    "pId": "2d0dea88-0c74-4b52-b67c-2696ac782065",
    "playType": "TWPTS",
    "playerId": "AN",
    "timestamp": 1664245676942
  },
  {
    "pId": "b7bfc5b5-5755-4035-b0aa-67b6da1c1707",
    "playType": "TWPTMI",
    "playerId": "C",
    "timestamp": 1664245698537
  },
  {
    "pId": "dd17ea3c-3d1b-4ca7-b9b4-a24a9416ce5a",
    "playType": "REB",
    "playerId": "S",
    "timestamp": 1664245699861
  },
  {
    "pId": "8d323e22-fd27-42aa-a0da-2c5c5c825244",
    "playType": "TWPTS",
    "playerId": "AN",
    "timestamp": 1664245703613
  },
  {
    "pId": "11a99aaa-677d-41be-97ba-6a2c44d905b3",
    "playType": "TWPTS",
    "playerId": "T",
    "timestamp": 1664245722379
  },
  {
    "pId": "1fb3cd29-19de-4acd-9798-c4494f15aab1",
    "playType": "AST",
    "playerId": "SN",
    "timestamp": 1664245733978
  },
  {
    "pId": "aba35a91-85c8-474e-8669-fb87cfa883cb",
    "playType": "AST",
    "playerId": "AD",
    "timestamp": 1664245743818
  },
  {
    "pId": "1bac664e-11ca-42f9-8347-cd32a784f1ba",
    "playType": "TWPTS",
    "playerId": "K",
    "timestamp": 1664245744607
  },
  {
    "pId": "fcc103ff-3393-4475-8288-0b9bbade9359",
    "playType": "THPTMI",
    "playerId": "HY",
    "timestamp": 1664245773958
  },
  {
    "pId": "254fe55e-058b-45a4-8194-1aa26de196ac",
    "playType": "REB",
    "playerId": "AD",
    "timestamp": 1664245775029
  },
  {
    "pId": "1d819a1f-bcdf-47db-8814-fbc47f6887a3",
    "playType": "TO",
    "playerId": "S",
    "timestamp": 1664245784783
  },
  {
    "pId": "3f87928e-6dc0-411c-875d-c0c3dad7b5f6",
    "playType": "STL",
    "playerId": "R",
    "timestamp": 1664245786945
  },
  {
    "pId": "4381bffa-d439-4bd1-b77a-d27fc4ca855e",
    "playType": "TWPTMI",
    "playerId": "R",
    "timestamp": 1664245788866
  },
  {
    "pId": "29bbed92-3c68-410f-9353-56022b6df0ef",
    "playType": "OREB",
    "playerId": "R",
    "timestamp": 1664245789812
  },
  {
    "pId": "bdf51e37-8b4a-42ec-b2c9-d8f728f29588",
    "playType": "TWPTS",
    "playerId": "R",
    "timestamp": 1664245790653
  },
  {
    "pId": "e290d3f4-1aad-429d-a435-f24957b4c384",
    "playType": "TWPTS",
    "playerId": "J",
    "timestamp": 1664245794331
  },
  {
    "pId": "6c2a1c5f-313c-45fe-80ef-d7a2481a19ff",
    "playType": "AST",
    "playerId": "T",
    "timestamp": 1664245815665
  },
  {
    "pId": "5b9c13d0-6a19-4775-8144-8b32489f2193",
    "playType": "TWPTS",
    "playerId": "R",
    "timestamp": 1664245816399
  },
  {
    "pId": "f3e28de5-40a4-4942-bc13-9ee82d473372",
    "playType": "TWPTS",
    "playerId": "K",
    "timestamp": 1664245822921
  },
  {
    "pId": "e52f4c46-035f-454c-b3e5-1d5707b446da",
    "playType": "AST",
    "playerId": "AN",
    "timestamp": 1664245824843
  },
  {
    "pId": "4cc61750-def6-4ffd-8817-c71b8a23dac1",
    "playType": "THPTMI",
    "playerId": "R",
    "timestamp": 1664245835475
  },
  {
    "pId": "01a265d9-7f5e-4c4e-b1dc-9cb0aa1d5785",
    "playType": "REB",
    "playerId": "S",
    "timestamp": 1664245837576
  },
  {
    "pId": "af2d7907-f64d-49c4-bc89-547508ca106c",
    "playType": "TO",
    "playerId": "AN",
    "timestamp": 1664245848204
  },
  {
    "pId": "6359dc0f-3fb1-435b-a451-09485eb5edac",
    "playType": "STL",
    "playerId": "C",
    "timestamp": 1664245852286
  },
  {
    "pId": "2a72f76c-9e5c-462d-9295-8e406da9990e",
    "playType": "TWPTMI",
    "playerId": "R",
    "timestamp": 1664245857384
  },
  {
    "pId": "3fc17569-5191-40e2-a4c3-14c6758a2e59",
    "playType": "OREB",
    "playerId": "HY",
    "timestamp": 1664245862712
  },
  {
    "pId": "5b718558-bc2f-467c-9466-5c3446881496",
    "playType": "AST",
    "playerId": "HY",
    "timestamp": 1664245863446
  },
  {
    "pId": "99e8db74-a143-49fd-94a3-b81cb126b926",
    "playType": "TWPTS",
    "playerId": "R",
    "timestamp": 1664245864357
  },
  {
    "pId": "4d1288a2-1213-47c2-9fb1-734348ea6605",
    "playType": "TWPTS",
    "playerId": "K",
    "timestamp": 1664245872054
  },
  {
    "pId": "92febd35-f395-4b97-8aa1-04e085fab9d7",
    "playType": "AST",
    "playerId": "AD",
    "timestamp": 1664245872969
  },
  {
    "pId": "0917a9fd-027d-4aaf-975d-c1b8444f4334",
    "playType": "AST",
    "playerId": "SN",
    "timestamp": 1664245886435
  },
  {
    "pId": "3e150b61-6d2d-4760-941a-f00acc1600f5",
    "playType": "TWPTS",
    "playerId": "C",
    "timestamp": 1664245887112
  },
  {
    "pId": "6446f656-9f18-40b1-ab25-de5c0272562e",
    "playType": "THPTS",
    "playerId": "AN",
    "timestamp": 1664245889251
  },
  {
    "pId": "56fa65f1-dcb1-4946-bff5-196966ac1bd7",
    "playType": "TWPTMI",
    "playerId": "HY",
    "timestamp": 1664245901376
  },
  {
    "pId": "e8633439-d2ef-4db9-956f-d83bb0f17b73",
    "playType": "REB",
    "playerId": "AD",
    "timestamp": 1664245906771
  },
  {
    "pId": "c9cd3ede-cda4-459e-a73d-cc19889eaf2d",
    "playType": "TWPTMI",
    "playerId": "K",
    "timestamp": 1664245912932
  },
  {
    "pId": "e4888b20-bef0-4afd-b1e7-8285e0ba5f56",
    "playType": "OREB",
    "playerId": "S",
    "timestamp": 1664245913832
  },
  {
    "pId": "1616928e-c089-4faf-8f42-24187dab00eb",
    "playType": "TWPTS",
    "playerId": "S",
    "timestamp": 1664245914813
  },
  {
    "pId": "d57726d2-a6f3-44c9-9fcb-a2b731aed935",
    "playType": "AST",
    "playerId": "HY",
    "timestamp": 1664245928616
  },
  {
    "pId": "3af12465-e928-4f54-bd58-379cd30da743",
    "playType": "TWPTS",
    "playerId": "JK",
    "timestamp": 1664245929734
  },
  {
    "pId": "76c32ed0-c31e-4099-a0ea-d74751a20479",
    "playType": "THPTS",
    "playerId": "AN",
    "timestamp": 1664245935522
  },
  {
    "pId": "4c4aa3e0-bba5-4568-aea6-b396987df438",
    "playType": "TWPTS",
    "playerId": "JK",
    "timestamp": 1664245967961
  },
  {
    "pId": "7a522b76-d9e4-4588-b94b-86599813b54b",
    "playType": "TWPTMI",
    "playerId": "AN",
    "timestamp": 1664245973208
  },
  {
    "pId": "4d127ea6-7896-4225-b145-b5a5a3dae414",
    "playType": "REB",
    "playerId": "HY",
    "timestamp": 1664245975168
  },
  {
    "pId": "f8ed9944-5967-4229-b36f-b72d4c150f81",
    "playType": "TWPTMI",
    "playerId": "SN",
    "timestamp": 1664245979585
  },
  {
    "pId": "4f4b2cf7-08eb-493c-bef8-527179397a6c",
    "playType": "OREB",
    "playerId": "SN",
    "timestamp": 1664245980294
  },
  {
    "pId": "72f1e485-a521-4799-873f-ad8ca48bed33",
    "playType": "THPTMI",
    "playerId": "R",
    "timestamp": 1664245982987
  },
  {
    "pId": "84037d27-4559-41a4-b0ba-9977015d2b99",
    "playType": "REB",
    "playerId": "J",
    "timestamp": 1664245984133
  },
  {
    "pId": "2230f4c8-de39-48ab-9952-7fefd1188992",
    "playType": "THPTMI",
    "playerId": "AN",
    "timestamp": 1664245987485
  },
  {
    "pId": "882a5ad5-9656-45ce-afb5-f4f54cea050e",
    "playType": "TWPTMI",
    "playerId": "SN",
    "timestamp": 1664246005279
  },
  {
    "pId": "c895aafe-e1c1-4680-8435-13d27f7a2c82",
    "playType": "REB",
    "playerId": "AD",
    "timestamp": 1664246006756
  },
  {
    "pId": "d04b42b4-14a6-4bb9-a8d0-b2b668a847b0",
    "playType": "TO",
    "playerId": "AD",
    "timestamp": 1664246009148
  },
  {
    "pId": "43e7342a-b6f8-4855-bf0e-0bef02a3becc",
    "playType": "TWPTMI",
    "playerId": "JK",
    "timestamp": 1664246019330
  },
  {
    "pId": "b9ce552b-2075-4284-8920-dc934f7cb8dc",
    "playType": "REB",
    "playerId": "J",
    "timestamp": 1664246025716
  },
  {
    "pId": "f29a7f81-6ef8-4d5c-8f2f-313662b33b22",
    "playType": "THPTMI",
    "playerId": "K",
    "timestamp": 1664246032021
  },
  {
    "pId": "78bdaa1c-b5cf-4aa7-952b-4edcb9b40e30",
    "playType": "REB",
    "playerId": "JK",
    "timestamp": 1664246033911
  },
  {
    "pId": "4786d5d2-e271-4424-906d-e35a9b508c37",
    "playType": "TWPTMI",
    "playerId": "T",
    "timestamp": 1664246037364
  },
  {
    "pId": "462bda1f-f694-4e18-90fc-1118f9f6ca2a",
    "playType": "OREB",
    "playerId": "HY",
    "timestamp": 1664246040804
  },
  {
    "pId": "78d19454-909d-4876-9095-0b5979f34608",
    "playType": "TWPTS",
    "playerId": "R",
    "timestamp": 1664246045254
  },
  {
    "pId": "a56ad73c-0f62-4399-bd73-b272ab47b8c5",
    "playType": "TWPTS",
    "playerId": "AN",
    "timestamp": 1664246062273
  },
  {
    "pId": "bf81d142-23ba-415f-990c-c02175d68fe4",
    "playType": "AST",
    "playerId": "SN",
    "timestamp": 1664246066565
  },
  {
    "pId": "066ddbd4-0f0a-4a22-974f-b666b5c75410",
    "playType": "TWPTS",
    "playerId": "HY",
    "timestamp": 1664246068196
  },
  {
    "pId": "cc9716e8-8adc-4862-8a26-a8f0600e3f5a",
    "playType": "TWPTMI",
    "playerId": "SN",
    "timestamp": 1664246083668
  },
  {
    "pId": "4456959d-0b79-450a-b56a-bb0c5a82919d",
    "playType": "OREB",
    "playerId": "S",
    "timestamp": 1664246084654
  },
  {
    "pId": "a01524f0-b24e-434c-96d4-aa030ac3a410",
    "playType": "TWPTS",
    "playerId": "S",
    "timestamp": 1664246085926
  },
  {
    "pId": "5755740b-006c-4175-9531-6ae55be1d8ed",
    "playType": "TO",
    "playerId": "HY",
    "timestamp": 1664246088332
  },
  {
    "pId": "c9db2715-f0d2-4e85-be2f-6997b31a2f3b",
    "playType": "STL",
    "playerId": "K",
    "timestamp": 1664246090347
  },
  {
    "pId": "34b0ffab-2e33-41cb-ae10-b6f815b9c5e9",
    "playType": "TWPTMI",
    "playerId": "K",
    "timestamp": 1664246094050
  },
  {
    "pId": "615de4d5-947e-43b1-99f9-caa5d5c6200d",
    "playType": "REB",
    "playerId": "T",
    "timestamp": 1664246096391
  }
]