{
  "id": "0295c762-905b-4b92-a437-7f6b870ae3bc",
  "name": "10.9 - Team 1 vs Team 3",
  "description": "Low scoring 45-50 game but Team 1 shares the load on offense and gets the W",
  "home": {
    "name": "home",
    "players": [
      {
        "player": "Jordan",
        "shorthand": "JK"
      },
      {
        "player": "Sam N",
        "shorthand": "SN"
      },
      {
        "player": "Paul",
        "shorthand": "P"
      },
      {
        "player": "Changhee",
        "shorthand": "CH"
      },
      {
        "player": "Hyunseo",
        "shorthand": "HS"
      },
      {
        "player": "Ram",
        "shorthand": "R"
      },
      {
        "player": "Ted",
        "shorthand": "T"
      }
    ]
  },
  "away": {
    "name": "away",
    "players": [
      {
        "player": "Andrew J",
        "shorthand": "AJ"
      },
      {
        "player": "Jon",
        "shorthand": "J"
      },
      {
        "player": "Kam",
        "shorthand": "K"
      },
      {
        "player": "David (g)",
        "shorthand": "D"
      },
      {
        "player": "Adam",
        "shorthand": "AD"
      },
      {
        "player": "Eric",
        "shorthand": "E"
      },
      {
        "player": "Sunghoon",
        "shorthand": "SH"
      }
    ]
  },
  "players": []
}
