[
  {
    "pId": "6e26b666-2f3a-447b-b4fb-c29796ca6656",
    "playType": "TWPTMI",
    "playerId": "J",
    "timestamp": 1665432335832
  },
  {
    "pId": "4524b7e4-f109-47a6-be9f-bc79d57259ed",
    "playType": "REB",
    "playerId": "SN",
    "timestamp": 1665432338934
  },
  {
    "pId": "6b37c19a-a652-42d3-a0f6-243e04eacd01",
    "playType": "THPTMI",
    "playerId": "R",
    "timestamp": 1665432343055
  },
  {
    "pId": "cd472745-a276-4a57-8655-1c24eee7710e",
    "playType": "REB",
    "playerId": "AJ",
    "timestamp": 1665432346160
  },
  {
    "pId": "e9568df1-85d4-4e3b-86d5-70fa32e83c72",
    "playType": "TWPTS",
    "playerId": "E",
    "timestamp": 1665432349497
  },
  {
    "pId": "fd6c895b-7211-4e36-b161-d959e888b95a",
    "playType": "THPTMI",
    "playerId": "T",
    "timestamp": 1665432354979
  },
  {
    "pId": "db7976f5-504d-4a78-b201-c441b58f192d",
    "playType": "OREB",
    "playerId": "R",
    "timestamp": 1665432355601
  },
  {
    "pId": "25c2a2bc-f20e-4a11-8fff-5910cb353037",
    "playType": "TWPTMI",
    "playerId": "SN",
    "timestamp": 1665432367405
  },
  {
    "pId": "2d957044-095a-469a-8171-e63aa9cb1b7d",
    "playType": "REB",
    "playerId": "SH",
    "timestamp": 1665432372909
  },
  {
    "pId": "759e480c-a3ba-478a-aef5-668828da2108",
    "playType": "TWPTMI",
    "playerId": "J",
    "timestamp": 1665432377678
  },
  {
    "pId": "d56e85a7-cc6a-40b5-b6ef-41e12a1c45da",
    "playType": "REB",
    "playerId": "T",
    "timestamp": 1665432378698
  },
  {
    "pId": "90219227-a5d1-4852-9c3b-7543c5f24054",
    "playType": "TO",
    "playerId": "HS",
    "timestamp": 1665432381458
  },
  {
    "pId": "7a3297d4-62ac-405d-be9b-21d7df9bdefe",
    "playType": "TO",
    "playerId": "SH",
    "timestamp": 1665432391650
  },
  {
    "pId": "dbae8814-6d55-413e-9c3a-7254b1b14a13",
    "playType": "STL",
    "playerId": "CH",
    "timestamp": 1665432395060
  },
  {
    "pId": "fa94e813-48f7-45b2-b614-0dfb6349c6b9",
    "playType": "AST",
    "playerId": "T",
    "timestamp": 1665432398296
  },
  {
    "pId": "09e621c4-c5d3-4c70-bcbf-011ea3ad3769",
    "playType": "TWPTS",
    "playerId": "SN",
    "timestamp": 1665432399671
  },
  {
    "pId": "34344699-5253-49c5-b391-3b2798298c99",
    "playType": "TWPTMI",
    "playerId": "J",
    "timestamp": 1665432413912
  },
  {
    "pId": "6fb85932-4f15-41e5-a563-fab236109e78",
    "playType": "REB",
    "playerId": "SN",
    "timestamp": 1665432414925
  },
  {
    "pId": "be723f04-19ff-4066-bab0-3ca2eadaaf13",
    "playType": "STL",
    "playerId": "J",
    "timestamp": 1665432430844
  },
  {
    "pId": "9d9d87c4-48db-4ba4-a08e-8f635c5c6f4f",
    "playType": "TO",
    "playerId": "SN",
    "timestamp": 1665432433248
  },
  {
    "pId": "647482a4-4b41-430e-86c4-7df72b8469cf",
    "playType": "TO",
    "playerId": "SH",
    "timestamp": 1665432444133
  },
  {
    "pId": "74e21f51-fd3e-4a86-9df5-d1451f83ac07",
    "playType": "STL",
    "playerId": "CH",
    "timestamp": 1665432446196
  },
  {
    "pId": "8eca9b57-6171-4c8c-9a87-c458f59644b9",
    "playType": "TO",
    "playerId": "T",
    "timestamp": 1665432450936
  },
  {
    "pId": "c642516d-a1a4-4caf-9ef9-2a760c466116",
    "playType": "STL",
    "playerId": "SH",
    "timestamp": 1665432456536
  },
  {
    "pId": "9464159a-c6ab-43c7-a8e0-2a3597fc557a",
    "playType": "AST",
    "playerId": "SH",
    "timestamp": 1665432457554
  },
  {
    "pId": "4ad07d96-c85b-4224-978e-5318d6bfb5ca",
    "playType": "TWPTS",
    "playerId": "E",
    "timestamp": 1665432458358
  },
  {
    "pId": "4d7eb3b4-a66e-4ac7-bfbe-77c6596926d1",
    "playType": "TO",
    "playerId": "T",
    "timestamp": 1665432461433
  },
  {
    "pId": "e472aa8b-66e9-4237-8bc7-f418906d1c1a",
    "playType": "STL",
    "playerId": "SH",
    "timestamp": 1665432468292
  },
  {
    "pId": "01cc2391-ae6e-453c-9ae1-2398a08d6067",
    "playType": "TWPTMI",
    "playerId": "AD",
    "timestamp": 1665432488267
  },
  {
    "pId": "4b5ba252-05b0-4dda-92d0-bc2a840f8012",
    "playType": "REB",
    "playerId": "HS",
    "timestamp": 1665432490142
  },
  {
    "pId": "5263f46b-e977-44a8-9576-a0647b4c225e",
    "playType": "THPTMI",
    "playerId": "T",
    "timestamp": 1665432502470
  },
  {
    "pId": "96e13225-a3b8-4117-b171-26861502770a",
    "playType": "TWPTMI",
    "playerId": "J",
    "timestamp": 1665432511203
  },
  {
    "pId": "25c112aa-751a-4dec-9c6b-197d6d30263d",
    "playType": "REB",
    "playerId": "SN",
    "timestamp": 1665432512072
  },
  {
    "pId": "92d9bc49-f287-466d-a0aa-823e735d89ff",
    "playType": "TWPTMI",
    "playerId": "HS",
    "timestamp": 1665432519560
  },
  {
    "pId": "abceded4-001b-49dc-9316-4c9281c9ecbe",
    "playType": "REB",
    "playerId": "E",
    "timestamp": 1665432520446
  },
  {
    "pId": "a216272f-b44c-41de-92bf-a77a0fcec2c7",
    "playType": "TO",
    "playerId": "SH",
    "timestamp": 1665432523567
  },
  {
    "pId": "a2322ea3-0ab1-4ccb-9c85-0d1873e6fdc2",
    "playType": "THPTMI",
    "playerId": "T",
    "timestamp": 1665432540048
  },
  {
    "pId": "398748f4-6a89-4841-8482-081b70e11e59",
    "playType": "REB",
    "playerId": "SH",
    "timestamp": 1665432542292
  },
  {
    "pId": "0d8285bc-6e03-464c-a15e-95ef63a4c3b2",
    "playType": "THPTS",
    "playerId": "AD",
    "timestamp": 1665432546921
  },
  {
    "pId": "f126baed-7760-43ed-9a8d-bce50267d0c4",
    "playType": "TWPTS",
    "playerId": "SN",
    "timestamp": 1665432561104
  },
  {
    "pId": "31e6ef51-7cfa-4beb-824d-54213acc8469",
    "playType": "TWPTMI",
    "playerId": "AD",
    "timestamp": 1665432569728
  },
  {
    "pId": "c4a24906-fa95-4e0f-920b-2e05a2ac9f1f",
    "playType": "OREB",
    "playerId": "SH",
    "timestamp": 1665432570942
  },
  {
    "pId": "e34921bb-9bba-4d0c-b526-e95a98ee6c2b",
    "playType": "TWPTS",
    "playerId": "SH",
    "timestamp": 1665432571677
  },
  {
    "pId": "3725ba76-935a-4743-ae5a-1b367f02308d",
    "playType": "THPTMI",
    "playerId": "CH",
    "timestamp": 1665432586683
  },
  {
    "pId": "6d7cbf3c-1b91-4b83-9cc1-bc19e06f3398",
    "playType": "THPTS",
    "playerId": "AD",
    "timestamp": 1665432633698
  },
  {
    "pId": "2e586359-59e3-4e25-a009-eecb18dfdfbd",
    "playType": "TWPTMI",
    "playerId": "JK",
    "timestamp": 1665432644725
  },
  {
    "pId": "8038c5b4-84da-40e0-8a0c-ea93a90e774a",
    "playType": "REB",
    "playerId": "E",
    "timestamp": 1665432645717
  },
  {
    "pId": "89ef0fc3-3205-4e97-8a48-a8396f7e0b4c",
    "playType": "TWPTMI",
    "playerId": "K",
    "timestamp": 1665432658451
  },
  {
    "pId": "2bece5a7-19bd-4008-ae5b-c96fd2a19422",
    "playType": "REB",
    "playerId": "JK",
    "timestamp": 1665432659728
  },
  {
    "pId": "25de4abe-4c9c-4286-abcc-19b0c27a61cb",
    "playType": "THPTMI",
    "playerId": "R",
    "timestamp": 1665432668667
  },
  {
    "pId": "95e65538-7caf-4c20-8312-b7111fae6906",
    "playType": "REB",
    "playerId": "AJ",
    "timestamp": 1665432671667
  },
  {
    "pId": "e60009cf-a74a-40e0-b59e-90bf9f535e03",
    "playType": "TWPTMI",
    "playerId": "SH",
    "timestamp": 1665432675493
  },
  {
    "pId": "5561e81d-2a2d-4a43-af5b-746b5d8fdac7",
    "playType": "REB",
    "playerId": "JK",
    "timestamp": 1665432676276
  },
  {
    "pId": "19dee123-fe03-4d81-9b64-cb1cde6d1fbd",
    "playType": "TO",
    "playerId": "JK",
    "timestamp": 1665432681895
  },
  {
    "pId": "333fcdf2-bb10-40a9-865e-24a515fb46a3",
    "playType": "THPTMI",
    "playerId": "CH",
    "timestamp": 1665432703367
  },
  {
    "pId": "1a933618-6a97-4b26-a24b-9d593be2cbc7",
    "playType": "REB",
    "playerId": "SH",
    "timestamp": 1665432706127
  },
  {
    "pId": "457bb348-6abf-44eb-9e37-315b482ca0bf",
    "playType": "THPTS",
    "playerId": "AJ",
    "timestamp": 1665432710494
  },
  {
    "pId": "cdc50e9a-786e-48bd-a949-4c77539e39c1",
    "playType": "TWPTMI",
    "playerId": "R",
    "timestamp": 1665432718754
  },
  {
    "pId": "6b93d314-46a8-480a-a4cb-0756a6d6c14e",
    "playType": "OREB",
    "playerId": "T",
    "timestamp": 1665432719781
  },
  {
    "pId": "74e32d70-1a07-46d3-96e6-41c59e613cd2",
    "playType": "TWPTS",
    "playerId": "T",
    "timestamp": 1665432720676
  },
  {
    "pId": "e2ce5b2e-e450-4f12-b01f-a4ee73cc6d7f",
    "playType": "THPTS",
    "playerId": "AJ",
    "timestamp": 1665432729886
  },
  {
    "pId": "a4b30bda-7107-41a0-a66b-102e66e0d1ea",
    "playType": "AST",
    "playerId": "AD",
    "timestamp": 1665432732402
  },
  {
    "pId": "6cdff5f7-7af4-40ea-ba4d-b8f1123ff5a1",
    "playType": "THPTMI",
    "playerId": "R",
    "timestamp": 1665432742913
  },
  {
    "pId": "6a2279a9-3ec0-46ac-a153-4739549dd9f9",
    "playType": "REB",
    "playerId": "SH",
    "timestamp": 1665432746189
  },
  {
    "pId": "1127ff37-7276-4b4f-87b1-ce8c704fd547",
    "playType": "TO",
    "playerId": "AD",
    "timestamp": 1665432751232
  },
  {
    "pId": "00184448-d7c8-4b38-918e-d4cbd3d16d74",
    "playType": "AST",
    "playerId": "T",
    "timestamp": 1665432761475
  },
  {
    "pId": "d20eaa6a-0d91-42f5-8614-8ee7417ba823",
    "playType": "THPTS",
    "playerId": "P",
    "timestamp": 1665432763612
  },
  {
    "pId": "194223aa-ac75-4e3b-98f5-ca6bd6d7e0c7",
    "playType": "THPTMI",
    "playerId": "K",
    "timestamp": 1665432781643
  },
  {
    "pId": "a928f6ec-2530-4e3f-a58c-460db57e0053",
    "playType": "REB",
    "playerId": "R",
    "timestamp": 1665432793028
  },
  {
    "pId": "ffcca59a-067c-440f-b09f-f3119c74a65d",
    "playType": "TWPTMI",
    "playerId": "JK",
    "timestamp": 1665432807730
  },
  {
    "pId": "d78c2661-3b4c-4516-af97-67c52af444e1",
    "playType": "REB",
    "playerId": "E",
    "timestamp": 1665432809914
  },
  {
    "pId": "1b2dd7b2-b59a-413e-a05c-4949bc05e84e",
    "playType": "TWPTMI",
    "playerId": "AD",
    "timestamp": 1665432812896
  },
  {
    "pId": "42ad1fc5-1ffd-446e-b095-92fc77550197",
    "playType": "OREB",
    "playerId": "AD",
    "timestamp": 1665432816966
  },
  {
    "pId": "66e487ef-39f6-44fd-95c7-569d68154186",
    "playType": "TWPTS",
    "playerId": "AD",
    "timestamp": 1665432817867
  },
  {
    "pId": "3650f202-7f80-4e5c-8988-6a7f4337aec4",
    "playType": "AST",
    "playerId": "R",
    "timestamp": 1665432828591
  },
  {
    "pId": "eced5e2a-138d-4410-a470-75aeb6175e5b",
    "playType": "TWPTS",
    "playerId": "JK",
    "timestamp": 1665432830053
  },
  {
    "pId": "86106ca9-1e77-4955-be42-137a4b352019",
    "playType": "THPTMI",
    "playerId": "AD",
    "timestamp": 1665432845615
  },
  {
    "pId": "f9888631-7b9d-4f08-a63a-730b11459055",
    "playType": "OREB",
    "playerId": "AD",
    "timestamp": 1665432847289
  },
  {
    "pId": "834ebffd-b242-4514-a61c-180595a68660",
    "playType": "AST",
    "playerId": "AD",
    "timestamp": 1665432849802
  },
  {
    "pId": "89c49fd3-b36c-4252-8c0b-a39db3bb68ce",
    "playType": "TWPTS",
    "playerId": "SH",
    "timestamp": 1665432851207
  },
  {
    "pId": "84796760-12d2-470e-a530-0e08fc9b1a4f",
    "playType": "TO",
    "playerId": "T",
    "timestamp": 1665432861790
  },
  {
    "pId": "5c075c0a-50c7-4689-9537-14b36888f4a2",
    "playType": "STL",
    "playerId": "K",
    "timestamp": 1665432863206
  },
  {
    "pId": "75c448c8-3420-4721-b5eb-0f6951328a9b",
    "playType": "TO",
    "playerId": "SH",
    "timestamp": 1665432867498
  },
  {
    "pId": "929c895c-8f1f-4f09-a77e-b0128064f8b9",
    "playType": "STL",
    "playerId": "P",
    "timestamp": 1665432869834
  },
  {
    "pId": "9450059d-b195-40b4-bf43-5c7149fa321b",
    "playType": "TWPTMI",
    "playerId": "JK",
    "timestamp": 1665432886683
  },
  {
    "pId": "4d606559-2ea8-4a0f-a1d3-e81c589f4208",
    "playType": "REB",
    "playerId": "K",
    "timestamp": 1665432888246
  },
  {
    "pId": "4943f79e-306e-4a0c-a418-43daef2ffabf",
    "playType": "THPTMI",
    "playerId": "AD",
    "timestamp": 1665432901605
  },
  {
    "pId": "10ef79b2-7c79-4ad9-8ee5-c22c23991c2d",
    "playType": "REB",
    "playerId": "T",
    "timestamp": 1665432903232
  },
  {
    "pId": "e26fbd97-57fb-4fb3-8095-706ea63e1398",
    "playType": "THPTMI",
    "playerId": "R",
    "timestamp": 1665432907074
  },
  {
    "pId": "5abfd125-3910-49ae-bf92-580730b06d24",
    "playType": "REB",
    "playerId": "SH",
    "timestamp": 1665432908826
  },
  {
    "pId": "091ee162-7c4f-4d25-b717-bc6c57567d5c",
    "playType": "TO",
    "playerId": "AD",
    "timestamp": 1665432910356
  },
  {
    "pId": "44af273f-d615-4e1f-808d-04a7e068e173",
    "playType": "STL",
    "playerId": "T",
    "timestamp": 1665432917403
  },
  {
    "pId": "adbb0c7c-d1ca-4e32-b8d1-63bd95909acd",
    "playType": "TO",
    "playerId": "R",
    "timestamp": 1665432922944
  },
  {
    "pId": "df829909-ae63-4c05-8eb6-42f1618df0ad",
    "playType": "STL",
    "playerId": "SH",
    "timestamp": 1665432928759
  },
  {
    "pId": "72f0a685-8eb3-4f75-a23a-15da8f3e9f77",
    "playType": "AST",
    "playerId": "K",
    "timestamp": 1665432933190
  },
  {
    "pId": "837afdb6-a23b-4e85-9fc6-e04baaf20a41",
    "playType": "TWPTS",
    "playerId": "SH",
    "timestamp": 1665432934124
  },
  {
    "pId": "133a6c5d-1a27-457f-848f-63da87bedc85",
    "playType": "THPTMI",
    "playerId": "P",
    "timestamp": 1665432941385
  },
  {
    "pId": "f88ac454-c46b-4ed8-bfe2-5f6b0f52426b",
    "playType": "REB",
    "playerId": "AD",
    "timestamp": 1665432943481
  },
  {
    "pId": "a260e0bc-536f-47cd-bfdc-961afe6c7f56",
    "playType": "AST",
    "playerId": "D",
    "timestamp": 1665432955092
  },
  {
    "pId": "5cdeb7e8-a19b-4435-b809-8977388ba9b3",
    "playType": "TWPTS",
    "playerId": "K",
    "timestamp": 1665432956146
  },
  {
    "pId": "ca4416d0-e0de-482c-862b-e858c72bb2d3",
    "playType": "THPTS",
    "playerId": "T",
    "timestamp": 1665432961439
  },
  {
    "pId": "50b19a01-ea3b-4bf3-9228-e6b2edbc8a5d",
    "playType": "AST",
    "playerId": "HS",
    "timestamp": 1665432963126
  },
  {
    "pId": "4434b457-4f87-4111-9a65-5e3fdc25a381",
    "playType": "THPTMI",
    "playerId": "AD",
    "timestamp": 1665432973292
  },
  {
    "pId": "2f3a2f02-79f1-43ba-9cc3-dee9a5e53b0f",
    "playType": "TO",
    "playerId": "SN",
    "timestamp": 1665432993001
  },
  {
    "pId": "3efdf217-b536-4141-ab5d-e36fefe69448",
    "playType": "TWPTMI",
    "playerId": "D",
    "timestamp": 1665433012687
  },
  {
    "pId": "c1df9c39-2156-4ff5-b5a0-4af7439cf1d9",
    "playType": "OREB",
    "playerId": "AJ",
    "timestamp": 1665433017244
  },
  {
    "pId": "f280c139-47ea-4e8e-9a28-6fcda669e01e",
    "playType": "TWPTMI",
    "playerId": "K",
    "timestamp": 1665433019619
  },
  {
    "pId": "35e32617-e17a-4337-a254-73a6b3a218aa",
    "playType": "OREB",
    "playerId": "J",
    "timestamp": 1665433022060
  },
  {
    "pId": "c0c26df0-4997-4c09-a5b5-fe71a2b92dc2",
    "playType": "TO",
    "playerId": "J",
    "timestamp": 1665433023331
  },
  {
    "pId": "79ec8436-b789-44ac-a375-bda0f1802d51",
    "playType": "AST",
    "playerId": "JK",
    "timestamp": 1665433067766
  },
  {
    "pId": "38530742-2b43-411f-a3ee-7b790bf37118",
    "playType": "THPTS",
    "playerId": "P",
    "timestamp": 1665433068755
  },
  {
    "pId": "217fc73d-7e8b-44de-a6ee-ba7aa060e2d5",
    "playType": "TO",
    "playerId": "J",
    "timestamp": 1665433080182
  },
  {
    "pId": "99136f62-ce36-4139-9c78-40fa66c1ec02",
    "playType": "STL",
    "playerId": "HS",
    "timestamp": 1665433084519
  },
  {
    "pId": "8e241ea5-24eb-44d7-a079-cbd9f826457a",
    "playType": "TO",
    "playerId": "HS",
    "timestamp": 1665433087068
  },
  {
    "pId": "bdab266c-cc65-404e-ad0d-4f1da3568ed1",
    "playType": "STL",
    "playerId": "AJ",
    "timestamp": 1665433088509
  },
  {
    "pId": "cbe90aa3-a666-421c-9459-2d075a446866",
    "playType": "THPTMI",
    "playerId": "D",
    "timestamp": 1665433096663
  },
  {
    "pId": "63d8dab7-022b-4f3e-9c4f-c0effd5ff3b0",
    "playType": "TWPTMI",
    "playerId": "SN",
    "timestamp": 1665433101314
  },
  {
    "pId": "f8db3e30-89a9-4b04-a89a-5bcd356c68a2",
    "playType": "OREB",
    "playerId": "SN",
    "timestamp": 1665433102356
  },
  {
    "pId": "2284ab50-fa3b-47d8-aa64-0426f615d437",
    "playType": "TWPTMI",
    "playerId": "JK",
    "timestamp": 1665433107857
  },
  {
    "pId": "9c891057-3ff2-4b2c-9710-359961cf125e",
    "playType": "OREB",
    "playerId": "HS",
    "timestamp": 1665433108670
  },
  {
    "pId": "d71d023c-7bcd-4b7f-9ed7-f17f0b5620bb",
    "playType": "TO",
    "playerId": "HS",
    "timestamp": 1665433111428
  },
  {
    "pId": "5bcd042d-ef56-4626-98b7-e17644b74200",
    "playType": "STL",
    "playerId": "AJ",
    "timestamp": 1665433113339
  },
  {
    "pId": "8ad826ef-dc81-4fd2-9944-892647efd225",
    "playType": "TWPTMI",
    "playerId": "AJ",
    "timestamp": 1665433114639
  },
  {
    "pId": "0171d935-ee01-4f54-894a-2a027f98eec9",
    "playType": "REB",
    "playerId": "SN",
    "timestamp": 1665433117097
  },
  {
    "pId": "93f576af-9b93-489f-8d20-cbdfbafcd067",
    "playType": "TWPTMI",
    "playerId": "JK",
    "timestamp": 1665433123005
  },
  {
    "pId": "2385924c-d42d-41c2-83f3-cc6726d71a85",
    "playType": "REB",
    "playerId": "AD",
    "timestamp": 1665433124568
  },
  {
    "pId": "8cf36530-480c-487c-8505-a434f843d649",
    "playType": "TWPTMI",
    "playerId": "D",
    "timestamp": 1665433142949
  },
  {
    "pId": "2371efb3-fa6b-47f1-a3d6-43c30b7fbce5",
    "playType": "REB",
    "playerId": "HS",
    "timestamp": 1665433144046
  },
  {
    "pId": "ffc5af4d-4757-42dc-a953-989eafa709b2",
    "playType": "TO",
    "playerId": "JK",
    "timestamp": 1665433159796
  },
  {
    "pId": "7e17fb92-99f9-473d-90c3-2710e0022120",
    "playType": "STL",
    "playerId": "AD",
    "timestamp": 1665433161324
  },
  {
    "pId": "fd979253-b6e6-4d96-bada-073b2a7f271a",
    "playType": "THPTMI",
    "playerId": "AJ",
    "timestamp": 1665433164196
  },
  {
    "pId": "c5222578-a8ef-4061-abf9-1a6072d39dd6",
    "playType": "REB",
    "playerId": "JK",
    "timestamp": 1665433167837
  },
  {
    "pId": "c5c7db52-97d2-4716-aed8-6e7a7a937b91",
    "playType": "THPTMI",
    "playerId": "SN",
    "timestamp": 1665433188503
  },
  {
    "pId": "b687befc-7404-48bd-ad3b-416432f77567",
    "playType": "OREB",
    "playerId": "JK",
    "timestamp": 1665433191081
  },
  {
    "pId": "3c078949-61a5-479a-80a4-0f190fcc6aa9",
    "playType": "TWPTS",
    "playerId": "JK",
    "timestamp": 1665433192881
  },
  {
    "pId": "3fe92783-745f-427d-b5a9-9efadf5f9038",
    "playType": "TWPTMI",
    "playerId": "P",
    "timestamp": 1665433233069
  },
  {
    "pId": "1e0a8d5f-260b-4b8a-8a5d-7edd57ffa359",
    "playType": "OREB",
    "playerId": "JK",
    "timestamp": 1665433234222
  },
  {
    "pId": "223337d4-304a-4ff9-a0b7-d6ec2744dea1",
    "playType": "TWPTS",
    "playerId": "JK",
    "timestamp": 1665433234885
  },
  {
    "pId": "35deae11-d23f-41f3-88d0-5c689c73948c",
    "playType": "THPTMI",
    "playerId": "E",
    "timestamp": 1665433243341
  },
  {
    "pId": "5e754111-a230-44fd-b5ea-11ba224ce736",
    "playType": "TWPTMI",
    "playerId": "JK",
    "timestamp": 1665433255792
  },
  {
    "pId": "66c0e275-2606-4037-8f3b-97828bc84299",
    "playType": "OREB",
    "playerId": "P",
    "timestamp": 1665433257104
  },
  {
    "pId": "a8585d96-3b9e-408b-8f83-820d6cd7f4be",
    "playType": "TO",
    "playerId": "P",
    "timestamp": 1665433260488
  },
  {
    "pId": "3333e722-5305-41ff-9541-1f5eaded37e5",
    "playType": "STL",
    "playerId": "E",
    "timestamp": 1665433267569
  },
  {
    "pId": "e830039b-110c-4485-a836-b1d8dca4b623",
    "playType": "THPTMI",
    "playerId": "AJ",
    "timestamp": 1665433307391
  },
  {
    "pId": "34508d65-b626-4206-928d-b34dad722620",
    "playType": "REB",
    "playerId": "CH",
    "timestamp": 1665433308378
  },
  {
    "pId": "8ab5cebc-97bf-4e84-816e-7cab02448e57",
    "playType": "TWPTMI",
    "playerId": "HS",
    "timestamp": 1665433312773
  },
  {
    "pId": "bf0c1d7c-eb1a-4958-b53f-931a37f545f6",
    "playType": "REB",
    "playerId": "AD",
    "timestamp": 1665433313614
  },
  {
    "pId": "ef47ccb6-86a9-48d0-b81c-02dadb329811",
    "playType": "TWPTS",
    "playerId": "D",
    "timestamp": 1665433319414
  },
  {
    "pId": "3b2fd403-baf9-4af8-8e96-46cddd77cc5f",
    "playType": "AST",
    "playerId": "E",
    "timestamp": 1665433323754
  },
  {
    "pId": "aa0a1b49-b4d8-4877-99de-ea6d674f3a3c",
    "playType": "THPTMI",
    "playerId": "P",
    "timestamp": 1665433331168
  },
  {
    "pId": "2c52aa6d-0609-41ff-bb5b-a02447c3be89",
    "playType": "REB",
    "playerId": "D",
    "timestamp": 1665433332243
  },
  {
    "pId": "b9b930f0-d99f-4b3b-92f5-41cafaac617d",
    "playType": "TO",
    "playerId": "D",
    "timestamp": 1665433336175
  },
  {
    "pId": "870478a7-2f7e-4f51-bf1e-b58457771f70",
    "playType": "TWPTMI",
    "playerId": "JK",
    "timestamp": 1665433344804
  },
  {
    "pId": "4b5d94c2-0b36-48d5-b14d-80612e776cc1",
    "playType": "REB",
    "playerId": "AD",
    "timestamp": 1665433345737
  },
  {
    "pId": "c68f50df-aa05-48bb-9dc6-3f992edd1943",
    "playType": "AST",
    "playerId": "E",
    "timestamp": 1665433357244
  },
  {
    "pId": "97ef0e49-1eb3-4dee-ba59-de515258c7b6",
    "playType": "TWPTS",
    "playerId": "J",
    "timestamp": 1665433357915
  },
  {
    "pId": "f082aef6-1420-4669-8ff2-d71ca0d0fac9",
    "playType": "THPTMI",
    "playerId": "HS",
    "timestamp": 1665433362809
  },
  {
    "pId": "b53043f1-7666-416c-883f-8d7be9953c81",
    "playType": "OREB",
    "playerId": "CH",
    "timestamp": 1665433363752
  },
  {
    "pId": "ac503b74-378f-4963-a1a8-989c5109b484",
    "playType": "THPTMI",
    "playerId": "CH",
    "timestamp": 1665433370169
  },
  {
    "pId": "2bf31be2-14f9-40fb-be08-a2f976ed45e0",
    "playType": "OREB",
    "playerId": "JK",
    "timestamp": 1665433371487
  },
  {
    "pId": "d8b86700-8d5b-42f2-8320-0cfb97b9a741",
    "playType": "TWPTMI",
    "playerId": "JK",
    "timestamp": 1665433372094
  },
  {
    "pId": "7a290a56-f2a3-4c6c-b26c-d9ffa491663a",
    "playType": "REB",
    "playerId": "AD",
    "timestamp": 1665433373084
  },
  {
    "pId": "e91479c4-ca3d-4bd5-b1d8-c6d64f1ed236",
    "playType": "TWPTS",
    "playerId": "D",
    "timestamp": 1665433376946
  },
  {
    "pId": "5e6d6081-fd58-44e7-97ba-97ecc7a05850",
    "playType": "THPTMI",
    "playerId": "P",
    "timestamp": 1665433383287
  },
  {
    "pId": "fe73023a-aaf3-42e8-9e5a-8875892084e2",
    "playType": "REB",
    "playerId": "D",
    "timestamp": 1665433384011
  },
  {
    "pId": "03f0ff26-cac9-4307-991a-d89fa7e97069",
    "playType": "TWPTMI",
    "playerId": "E",
    "timestamp": 1665433389527
  },
  {
    "pId": "cb60419d-cfb3-406a-8c26-dc584ee7b5ae",
    "playType": "REB",
    "playerId": "P",
    "timestamp": 1665433391142
  },
  {
    "pId": "87f1f73e-01e4-4834-afaa-d9be01b1b528",
    "playType": "THPTMI",
    "playerId": "CH",
    "timestamp": 1665433396263
  },
  {
    "pId": "36f9c1cc-aaa5-4f2b-a244-a934e10a7761",
    "playType": "TWPTMI",
    "playerId": "D",
    "timestamp": 1665433405842
  },
  {
    "pId": "ce7ce63d-66ca-44e0-96a0-d1d21e5cb031",
    "playType": "REB",
    "playerId": "HS",
    "timestamp": 1665433406842
  },
  {
    "pId": "4eae41c5-e3c5-4069-8915-14b21059cc32",
    "playType": "TWPTS",
    "playerId": "HS",
    "timestamp": 1665433408397
  },
  {
    "pId": "fb8b7226-1fd8-4487-b0e6-d587d3a2e414",
    "playType": "TWPTMI",
    "playerId": "J",
    "timestamp": 1665433423173
  },
  {
    "pId": "68f1eb7c-6899-40fa-9ed8-5d43579f9815",
    "playType": "REB",
    "playerId": "R",
    "timestamp": 1665433424638
  },
  {
    "pId": "3bb4f6e6-b046-4c41-94ab-81c7a8831d3a",
    "playType": "TWPTMI",
    "playerId": "CH",
    "timestamp": 1665433430971
  },
  {
    "pId": "4c1958cf-38f7-414e-9147-4c135dcaddf9",
    "playType": "REB",
    "playerId": "AD",
    "timestamp": 1665433432516
  },
  {
    "pId": "f92cff70-a62b-420b-81cb-bf5d6810bb66",
    "playType": "TWPTS",
    "playerId": "J",
    "timestamp": 1665433461596
  },
  {
    "pId": "66cd984c-6b9c-4b7a-b533-667f4e958b24",
    "playType": "TWPTMI",
    "playerId": "HS",
    "timestamp": 1665433477971
  },
  {
    "pId": "1781f4f6-48f4-4fe6-86cd-c0840d27336c",
    "playType": "REB",
    "playerId": "AD",
    "timestamp": 1665433478863
  },
  {
    "pId": "e0a28458-e571-4e67-8634-82d7b88fb4ae",
    "playType": "TWPTS",
    "playerId": "K",
    "timestamp": 1665433490146
  },
  {
    "pId": "19ca112b-a109-49d2-b5bb-8789b2b0d34b",
    "playType": "AST",
    "playerId": "AJ",
    "timestamp": 1665433491756
  },
  {
    "pId": "1515e43c-4568-401b-a080-24e39dae29c5",
    "playType": "THPTMI",
    "playerId": "R",
    "timestamp": 1665433496629
  },
  {
    "pId": "6da56976-7026-4657-9bfd-468356c97403",
    "playType": "REB",
    "playerId": "E",
    "timestamp": 1665433498434
  },
  {
    "pId": "cd84b59b-1b8f-409a-8055-c592d96785f9",
    "playType": "TO",
    "playerId": "AD",
    "timestamp": 1665433499969
  },
  {
    "pId": "4cd380bd-04d0-431a-a1b8-5adaa7aec4bd",
    "playType": "TWPTS",
    "playerId": "SN",
    "timestamp": 1665433506888
  },
  {
    "pId": "13fc2265-e3d1-41e8-ad71-e122d2cb5825",
    "playType": "TWPTMI",
    "playerId": "E",
    "timestamp": 1665433519026
  },
  {
    "pId": "667e6101-24df-4c39-a7cb-6082366323eb",
    "playType": "REB",
    "playerId": "SN",
    "timestamp": 1665433520629
  },
  {
    "pId": "70c739e6-efe7-45de-81e3-5d90132d9c9c",
    "playType": "TO",
    "playerId": "T",
    "timestamp": 1665433524750
  },
  {
    "pId": "2217f6a6-0a84-4d6e-8bdb-ea47d6d972ce",
    "playType": "STL",
    "playerId": "E",
    "timestamp": 1665433526143
  },
  {
    "pId": "49c1ae75-56f1-4fe4-80d0-c6134f8647b9",
    "playType": "TWPTMI",
    "playerId": "J",
    "timestamp": 1665433528210
  },
  {
    "pId": "8affda98-4a5c-4b0b-bbc9-c9f3c24b1b03",
    "playType": "TWPTS",
    "playerId": "SN",
    "timestamp": 1665433544634
  },
  {
    "pId": "b5762ba4-6ded-488d-ae5f-421b1ba19ea4",
    "playType": "TWPTS",
    "playerId": "E",
    "timestamp": 1665433563988
  },
  {
    "pId": "c92249c5-d7c4-4853-b10b-d5900e85ba43",
    "playType": "TWPTS",
    "playerId": "SN",
    "timestamp": 1665433574639
  },
  {
    "pId": "f28b63ad-2edd-4388-b5d5-ec783a60f075",
    "playType": "TWPTMI",
    "playerId": "K",
    "timestamp": 1665433586484
  },
  {
    "pId": "c38a1ab7-c01a-40bf-90e1-17df34ccbf25",
    "playType": "REB",
    "playerId": "CH",
    "timestamp": 1665433588937
  },
  {
    "pId": "fd7680fc-87ea-40a6-b18d-ff5394f56a85",
    "playType": "TWPTMI",
    "playerId": "HS",
    "timestamp": 1665433598810
  },
  {
    "pId": "aaa8460c-021a-4ca4-9ac8-8a45cb99585e",
    "playType": "REB",
    "playerId": "E",
    "timestamp": 1665433599832
  },
  {
    "pId": "345cc050-b4fe-4f2a-93cb-8ae8e03818ab",
    "playType": "THPTS",
    "playerId": "AD",
    "timestamp": 1665433605452
  },
  {
    "pId": "2748ee29-4fbd-44c4-aec7-46d5594d3acc",
    "playType": "THPTMI",
    "playerId": "T",
    "timestamp": 1665433619863
  },
  {
    "pId": "60731965-eccc-4f21-bc3f-98a8884c9851",
    "playType": "REB",
    "playerId": "AJ",
    "timestamp": 1665433622557
  },
  {
    "pId": "ea114751-98d4-40e0-ad6d-d93f41d66522",
    "playType": "THPTMI",
    "playerId": "AJ",
    "timestamp": 1665433625499
  },
  {
    "pId": "7f5b1a20-60ce-4f36-b568-cc3ffcb2818b",
    "playType": "REB",
    "playerId": "SN",
    "timestamp": 1665433626555
  },
  {
    "pId": "bd9588fd-8537-468b-b36b-0e54c60187c5",
    "playType": "TWPTS",
    "playerId": "SN",
    "timestamp": 1665433633453
  },
  {
    "pId": "0cc50c85-0682-48d5-a5f2-17a9bece9794",
    "playType": "THPTMI",
    "playerId": "AD",
    "timestamp": 1665433663856
  },
  {
    "pId": "a755dbc5-5631-43c3-89a3-b36f70a004de",
    "playType": "OREB",
    "playerId": "AD",
    "timestamp": 1665433665225
  },
  {
    "pId": "0eec9e2d-d767-4875-8590-8ccab4f682dd",
    "playType": "TWPTS",
    "playerId": "K",
    "timestamp": 1665433668759
  },
  {
    "pId": "a3603625-6f08-4083-97ca-921a954bc181",
    "playType": "AST",
    "playerId": "AD",
    "timestamp": 1665433670548
  },
  {
    "pId": "996a1a07-8a5a-412d-8cb6-dbcc98381576",
    "playType": "TWPTMI",
    "playerId": "HS",
    "timestamp": 1665433676590
  },
  {
    "pId": "41a70f7f-b6d7-4e4c-823b-7568cce693b4",
    "playType": "REB",
    "playerId": "AD",
    "timestamp": 1665433677503
  },
  {
    "pId": "fc5f659e-bab2-470f-8535-163d01e55229",
    "playType": "TO",
    "playerId": "JK",
    "timestamp": 1665433703481
  },
  {
    "pId": "f186cf0a-8ecd-47e9-879d-4a149180dc30",
    "playType": "STL",
    "playerId": "K",
    "timestamp": 1665433704796
  },
  {
    "pId": "3fd34189-c143-4904-99c7-0d0905737d1a",
    "playType": "THPTMI",
    "playerId": "K",
    "timestamp": 1665433724298
  },
  {
    "pId": "5dcba969-6c84-4fd5-9ba6-ed76b867a039",
    "playType": "REB",
    "playerId": "T",
    "timestamp": 1665433726102
  },
  {
    "pId": "112a2389-f6a8-466a-b853-a172bb7b926f",
    "playType": "TWPTS",
    "playerId": "HS",
    "timestamp": 1665433729136
  },
  {
    "pId": "f9fed68a-2d6e-44ae-a5b2-e0465606313b",
    "playType": "TWPTMI",
    "playerId": "D",
    "timestamp": 1665433750627
  },
  {
    "pId": "81599296-be20-4b79-94df-350b42583d9e",
    "playType": "REB",
    "playerId": "R",
    "timestamp": 1665433751674
  },
  {
    "pId": "575570d4-d033-4061-8f95-5f39610055f5",
    "playType": "TWPTMI",
    "playerId": "JK",
    "timestamp": 1665433762821
  },
  {
    "pId": "c4298a9d-f0a4-410f-9e46-4cd79ba5b4b3",
    "playType": "OREB",
    "playerId": "JK",
    "timestamp": 1665433764452
  },
  {
    "pId": "4da17537-d69c-4423-925d-53525f45ae39",
    "playType": "TWPTMI",
    "playerId": "JK",
    "timestamp": 1665433765403
  },
  {
    "pId": "09fb39fb-7448-4522-a3ab-bac59af9214c",
    "playType": "REB",
    "playerId": "D",
    "timestamp": 1665433775971
  },
  {
    "pId": "6557ba6e-e0ff-47b3-9e78-7a16be3f4e5e",
    "playType": "TWPTMI",
    "playerId": "K",
    "timestamp": 1665433791465
  },
  {
    "pId": "5e652ba7-c2af-4cde-99ed-161752c1159a",
    "playType": "REB",
    "playerId": "JK",
    "timestamp": 1665433797691
  },
  {
    "pId": "595d03ec-def5-4236-9d26-e3d4deed6206",
    "playType": "TWPTS",
    "playerId": "JK",
    "timestamp": 1665433799714
  },
  {
    "pId": "ad783a9f-9a60-4f04-b5c6-4af4fa0eedf0",
    "playType": "TWPTMI",
    "playerId": "AJ",
    "timestamp": 1665433820136
  },
  {
    "pId": "e8d5b778-e9fd-4af7-9162-55168ba4b483",
    "playType": "REB",
    "playerId": "SN",
    "timestamp": 1665433822161
  },
  {
    "pId": "f6eb6175-0422-488d-85ed-bce099cc8d4b",
    "playType": "TWPTMI",
    "playerId": "R",
    "timestamp": 1665433828483
  },
  {
    "pId": "5bfccc04-adba-4d65-b8c5-33ee39b44a9f",
    "playType": "OREB",
    "playerId": "JK",
    "timestamp": 1665433829377
  },
  {
    "pId": "70963374-49f6-49b9-aa3c-6acb920ca2e6",
    "playType": "TWPTS",
    "playerId": "JK",
    "timestamp": 1665433830498
  },
  {
    "pId": "bf7d6025-c30b-44b9-9272-992cd0842f6b",
    "playType": "TWPTMI",
    "playerId": "D",
    "timestamp": 1665433836610
  },
  {
    "pId": "338f3def-8e6f-4966-8a79-a30de43fa605",
    "playType": "REB",
    "playerId": "JK",
    "timestamp": 1665433837396
  },
  {
    "pId": "94cd5609-eb44-4f7f-829f-4c6f88230dba",
    "playType": "AST",
    "playerId": "JK",
    "timestamp": 1665433839205
  },
  {
    "pId": "70235a36-5e58-4535-a135-abdd8ba0c4a1",
    "playType": "TWPTS",
    "playerId": "SN",
    "timestamp": 1665433840457
  },
  {
    "pId": "8807eacc-408c-4fec-a052-9f2cc08f8bc0",
    "playType": "TO",
    "playerId": "AD",
    "timestamp": 1665433864735
  },
  {
    "pId": "374e2b53-7fed-4d81-80b3-f32f509ab062",
    "playType": "STL",
    "playerId": "R",
    "timestamp": 1665433869929
  },
  {
    "pId": "174fabed-f528-4c17-9339-a0b2590d94fd",
    "playType": "AST",
    "playerId": "JK",
    "timestamp": 1665433876141
  },
  {
    "pId": "a82ea612-73a8-4020-8c7a-0f68dc842d21",
    "playType": "TWPTS",
    "playerId": "HS",
    "timestamp": 1665433877092
  },
  {
    "pId": "69991094-31df-449f-8ee0-3ed83252fbd5",
    "playType": "TWPTMI",
    "playerId": "J",
    "timestamp": 1665433894276
  },
  {
    "pId": "9d59bdcb-0c33-48e3-a669-37b9371844e0",
    "playType": "REB",
    "playerId": "JK",
    "timestamp": 1665433894991
  },
  {
    "pId": "c1070ec2-c1cc-43a2-8e2e-d586ced9f3a9",
    "playType": "TO",
    "playerId": "JK",
    "timestamp": 1665433911238
  },
  {
    "pId": "deaeda24-07b0-4477-bdec-f5e8212913d6",
    "playType": "STL",
    "playerId": "E",
    "timestamp": 1665433912652
  },
  {
    "pId": "7f143e07-4dbf-42eb-84c9-b2f97f70e2d6",
    "playType": "TWPTS",
    "playerId": "D",
    "timestamp": 1665433928659
  },
  {
    "pId": "8e86d50b-df76-4fd5-8386-abe6bac53f05",
    "playType": "THPTMI",
    "playerId": "T",
    "timestamp": 1665433931009
  },
  {
    "pId": "d5b21b14-c0fb-42a4-873d-ef90a1b1b2fa",
    "playType": "REB",
    "playerId": "AD",
    "timestamp": 1665433932208
  },
  {
    "pId": "5083cfd9-d5e9-4731-944f-82d045781f6e",
    "playType": "TWPTMI",
    "playerId": "J",
    "timestamp": 1665433949438
  },
  {
    "pId": "adfbd174-e41a-4fe3-b557-f9414896e67c",
    "playType": "REB",
    "playerId": "JK",
    "timestamp": 1665433951249
  },
  {
    "pId": "a21ec6a9-3e80-4843-9334-4342b6efd81a",
    "playType": "TWPTMI",
    "playerId": "JK",
    "timestamp": 1665433971096
  },
  {
    "pId": "9d793455-185b-442c-b76e-3ee5e4f39a2c",
    "playType": "REB",
    "playerId": "AD",
    "timestamp": 1665433972454
  },
  {
    "pId": "04a7305a-8254-4a69-9796-57b61c2fcbca",
    "playType": "TO",
    "playerId": "AD",
    "timestamp": 1665433979488
  },
  {
    "pId": "30d85e6b-11cf-4b32-9aa4-69d8a9bd380a",
    "playType": "AST",
    "playerId": "HS",
    "timestamp": 1665433984286
  },
  {
    "pId": "76000581-19bb-4eb9-a61a-f47452a3e441",
    "playType": "TWPTS",
    "playerId": "JK",
    "timestamp": 1665433985150
  },
  {
    "pId": "c70f943b-3a2f-4c1c-bedb-5029ac67880e",
    "playType": "FT",
    "playerId": "E",
    "timestamp": 1665434000641
  },
  {
    "pId": "c9d37cba-6917-4f92-b3d2-5947ccc47cae",
    "playType": "FTMI",
    "playerId": "E",
    "timestamp": 1665434008171
  },
  {
    "pId": "9a8f5503-e5ca-4bfc-83da-dc8250968fe0",
    "playType": "TO",
    "playerId": "SN",
    "timestamp": 1665434023933
  },
  {
    "pId": "a67df428-c2d3-48b3-ab9e-ae84120b03df",
    "playType": "STL",
    "playerId": "J",
    "timestamp": 1665434027255
  },
  {
    "pId": "5c682fa6-d257-4a66-9f5c-751b4365d5db",
    "playType": "FTMI",
    "playerId": "E",
    "timestamp": 1665434033353
  },
  {
    "pId": "1c5d254e-d0e9-4750-8486-b2b2b45b59d1",
    "playType": "FTMI",
    "playerId": "E",
    "timestamp": 1665434041318
  },
  {
    "pId": "98e0a6ba-3b51-4414-812f-ab8497d16efd",
    "playType": "REB",
    "playerId": "JK",
    "timestamp": 1665434044024
  },
  {
    "pId": "31767653-8644-4b84-b51c-7943e73efeda",
    "playType": "THPTMI",
    "playerId": "T",
    "timestamp": 1665434054875
  },
  {
    "pId": "e749e010-42d9-4bcf-8a07-b2a9291dd8af",
    "playType": "REB",
    "playerId": "D",
    "timestamp": 1665434057415
  },
  {
    "pId": "4bee7bae-e6bc-4447-9745-7193a3ab8657",
    "playType": "FT",
    "playerId": "D",
    "timestamp": 1665434060759
  },
  {
    "pId": "332c737e-0905-4368-b4ad-575227c422a3",
    "playType": "FT",
    "playerId": "D",
    "timestamp": 1665434062187
  },
  {
    "pId": "1abaf7c1-6565-4bb7-a384-c375e79e844f",
    "playType": "TWPTMI",
    "playerId": "HS",
    "timestamp": 1665434074248
  },
  {
    "pId": "0ac1f77e-1510-4155-9463-ec6034ac7d9f",
    "playType": "REB",
    "playerId": "J",
    "timestamp": 1665434078310
  },
  {
    "pId": "ed218c71-0c56-4298-bfe1-4bad74aa00c2",
    "playType": "TO",
    "playerId": "E",
    "timestamp": 1665434079898
  },
  {
    "pId": "0dd3a26a-5107-449a-af64-f1ce51c33002",
    "playType": "STL",
    "playerId": "R",
    "timestamp": 1665434081284
  },
  {
    "pId": "c06cd65b-3fbd-4873-b9b2-66cf0849f792",
    "playType": "TWPTMI",
    "playerId": "T",
    "timestamp": 1665434084352
  },
  {
    "pId": "98cc7af1-f365-4204-b53f-cccd80710b46",
    "playType": "OREB",
    "playerId": "JK",
    "timestamp": 1665434086208
  },
  {
    "pId": "b6bf2799-72e4-47d4-ac71-eb65ce08039d",
    "playType": "TWPTS",
    "playerId": "JK",
    "timestamp": 1665434087754
  },
  {
    "pId": "21766f29-cda3-41de-b6a2-98527aae548d",
    "playType": "FT",
    "playerId": "AD",
    "timestamp": 1665434093386
  },
  {
    "pId": "c1361e13-0212-4858-85ce-cdbd27f3f143",
    "playType": "FT",
    "playerId": "AD",
    "timestamp": 1665434094538
  },
  {
    "pId": "7d481fe1-3e37-47da-acd6-1df28007e840",
    "playType": "THPTMI",
    "playerId": "T",
    "timestamp": 1665434100165
  },
  {
    "pId": "27410655-5bf2-4579-9813-a1bd66b6681f",
    "playType": "REB",
    "playerId": "J",
    "timestamp": 1665434101527
  }
]