{
  "id": "7865903a-e8d6-4013-80b8-474db5e96548",
  "name": "10.23 - Team 2 vs Team 3",
  "description": "tbd",
  "home": {
    "name": "home",
    "players": [
      {
        "player": "Changhee",
        "shorthand": "CH"
      },
      {
        "player": "Paul",
        "shorthand": "P"
      },
      {
        "player": "Hyunseo",
        "shorthand": "HS"
      },
      {
        "player": "Ram",
        "shorthand": "R"
      },
      {
        "player": "Sam N",
        "shorthand": "SN"
      },
      {
        "player": "Jordan",
        "shorthand": "JK"
      },
      {
        "player": "Ted",
        "shorthand": "TO"
      }
    ]
  },
  "away": {
    "name": "away",
    "players": [
      {
        "player": "Abhishek",
        "shorthand": "AB"
      },
      {
        "player": "James",
        "shorthand": "JA"
      },
      {
        "player": "Johnny",
        "shorthand": "JL"
      },
      {
        "player": "Tom",
        "shorthand": "T"
      },
      {
        "player": "Young",
        "shorthand": "Y"
      },
      {
        "player": "Andrew S",
        "shorthand": "AS"
      },
      {
        "player": "Hanjoong",
        "shorthand": "HJ"
      }
    ]
  },
  "players": []
}