[
  {
    "pId": "c1987a80-0b88-4d2d-bf41-c68a97792022",
    "playType": "THPTS",
    "playerId": "CH",
    "timestamp": 1666625916967
  },
  {
    "pId": "f35c5f74-c35c-4d0c-a78c-12ad8a119dcc",
    "playType": "TO",
    "playerId": "AB",
    "timestamp": 1666625922661
  },
  {
    "pId": "38485181-e78f-4ed6-95ef-53553399eb76",
    "playType": "STL",
    "playerId": "P",
    "timestamp": 1666625927439
  },
  {
    "pId": "bf311766-37d7-4b34-aaf9-f8b9d2832bce",
    "playType": "THPTMI",
    "playerId": "HS",
    "timestamp": 1666625931494
  },
  {
    "pId": "7fea92f7-15ee-44c8-bfbe-6a7b2c5129f8",
    "playType": "REB",
    "playerId": "JA",
    "timestamp": 1666625933314
  },
  {
    "pId": "670f5c2b-38ef-435f-acb8-dbcf53626fb8",
    "playType": "THPTS",
    "playerId": "JA",
    "timestamp": 1666625942525
  },
  {
    "pId": "1b9679bf-901e-43d7-adc9-0196e054fa9c",
    "playType": "AST",
    "playerId": "AB",
    "timestamp": 1666625943333
  },
  {
    "pId": "0982083c-391c-4f62-aea6-b5c51f400598",
    "playType": "THPTMI",
    "playerId": "CH",
    "timestamp": 1666625948734
  },
  {
    "pId": "d5e3a880-006e-4f94-a2f8-1fb4a9ab1cd8",
    "playType": "REB",
    "playerId": "JA",
    "timestamp": 1666625949787
  },
  {
    "pId": "5a858e9a-e8d4-4816-b2a7-b066f12e445a",
    "playType": "AST",
    "playerId": "HJ",
    "timestamp": 1666625960906
  },
  {
    "pId": "8aac30bb-2c5f-48f7-ad53-5f7c57eda30c",
    "playType": "TWPTS",
    "playerId": "JL",
    "timestamp": 1666625967292
  },
  {
    "pId": "e1c1a559-60a5-41fb-9a0f-47c2bdc6e178",
    "playType": "TO",
    "playerId": "HS",
    "timestamp": 1666625975935
  },
  {
    "pId": "82925976-717a-4f5a-ad60-e8acb8fb165e",
    "playType": "STL",
    "playerId": "JL",
    "timestamp": 1666625977797
  },
  {
    "pId": "0eea9a53-2e4d-47d8-a121-67dfa8839b90",
    "playType": "THPTMI",
    "playerId": "AB",
    "timestamp": 1666625987623
  },
  {
    "pId": "5212b704-6a26-4fd4-83e4-dde943e322b6",
    "playType": "REB",
    "playerId": "CH",
    "timestamp": 1666625989462
  },
  {
    "pId": "aff10e8d-6e34-4ff2-845f-0e8cf8f59a38",
    "playType": "THPTMI",
    "playerId": "P",
    "timestamp": 1666625994672
  },
  {
    "pId": "49f51cb7-7b52-4e20-bcd0-50d47bbbf2e3",
    "playType": "OREB",
    "playerId": "R",
    "timestamp": 1666625998893
  },
  {
    "pId": "186395af-146f-4dbf-9c09-51622b7d883c",
    "playType": "TWPTMI",
    "playerId": "R",
    "timestamp": 1666626007529
  },
  {
    "pId": "c5199e12-80e8-4846-8136-af0f30e204db",
    "playType": "REB",
    "playerId": "JL",
    "timestamp": 1666626009423
  },
  {
    "pId": "cebaf796-7022-4a9f-9d98-da915c922945",
    "playType": "STL",
    "playerId": "P",
    "timestamp": 1666626019542
  },
  {
    "pId": "7a3dc9d9-2505-412b-9b59-4d11061d17a0",
    "playType": "TO",
    "playerId": "AB",
    "timestamp": 1666626020725
  },
  {
    "pId": "278679e3-cc53-4b2b-9041-ba77ad8787ea",
    "playType": "TO",
    "playerId": "P",
    "timestamp": 1666626023394
  },
  {
    "pId": "aab6f644-7ec3-4d09-b0e2-9717ba96f19d",
    "playType": "STL",
    "playerId": "JL",
    "timestamp": 1666626025635
  },
  {
    "pId": "28c7c92f-4952-4196-8598-05d3aa53ab3a",
    "playType": "STL",
    "playerId": "SN",
    "timestamp": 1666626047200
  },
  {
    "pId": "2edab70a-df78-470f-9038-9218ca1a874a",
    "playType": "TO",
    "playerId": "JL",
    "timestamp": 1666626049038
  },
  {
    "pId": "bb4036f3-9af6-41fc-a141-d4c5dbec3168",
    "playType": "THPTMI",
    "playerId": "P",
    "timestamp": 1666626052606
  },
  {
    "pId": "77a0c77f-17a8-4e5f-a23a-aeec5591a907",
    "playType": "REB",
    "playerId": "HJ",
    "timestamp": 1666626053571
  },
  {
    "pId": "5b6385f6-f00c-4e07-bec5-d3e378b2f4dc",
    "playType": "AST",
    "playerId": "AB",
    "timestamp": 1666626063092
  },
  {
    "pId": "f81ec56a-1e9a-4c29-8cb7-c6ba7c67ea2d",
    "playType": "TWPTS",
    "playerId": "T",
    "timestamp": 1666626063828
  },
  {
    "pId": "aa574dc0-4e27-486a-821c-ad60bb38fea4",
    "playType": "THPTMI",
    "playerId": "R",
    "timestamp": 1666626078013
  },
  {
    "pId": "e80d9041-a910-4cce-b32c-f1f6afc08e0c",
    "playType": "OREB",
    "playerId": "P",
    "timestamp": 1666626079158
  },
  {
    "pId": "4e627bb0-80df-4088-807d-ec5946afba81",
    "playType": "AST",
    "playerId": "CH",
    "timestamp": 1666626085125
  },
  {
    "pId": "6c602fc5-a594-4e25-b79e-4188f4c51b2b",
    "playType": "THPTS",
    "playerId": "P",
    "timestamp": 1666626086831
  },
  {
    "pId": "639f9875-6ecb-44f9-9f0d-a40305c7d374",
    "playType": "THPTMI",
    "playerId": "JA",
    "timestamp": 1666626093301
  },
  {
    "pId": "19cb93b8-650c-4db9-9508-8ffe0278bbe1",
    "playType": "REB",
    "playerId": "SN",
    "timestamp": 1666626094342
  },
  {
    "pId": "b49c33c0-7fbb-4edb-9924-f6813a4f52c4",
    "playType": "TWPTS",
    "playerId": "HS",
    "timestamp": 1666626100390
  },
  {
    "pId": "0c15cc55-4fc6-45f1-9fed-674b3a6f43e2",
    "playType": "THPTMI",
    "playerId": "T",
    "timestamp": 1666626130373
  },
  {
    "pId": "6916b4b7-b330-41e1-877a-4d26ab29f367",
    "playType": "REB",
    "playerId": "SN",
    "timestamp": 1666626131197
  },
  {
    "pId": "f97cbf2b-aca3-4ab5-80d9-0e1efe2d63e3",
    "playType": "TWPTMI",
    "playerId": "SN",
    "timestamp": 1666626134361
  },
  {
    "pId": "d23c5583-58a8-4be5-86a2-acdd30136564",
    "playType": "REB",
    "playerId": "JL",
    "timestamp": 1666626135877
  },
  {
    "pId": "3a37c428-91b0-4c08-b946-6425f8c8d18d",
    "playType": "TWPTMI",
    "playerId": "CH",
    "timestamp": 1666626151732
  },
  {
    "pId": "2fcf31c9-9877-49a5-9ae2-24d942974ae5",
    "playType": "REB",
    "playerId": "JL",
    "timestamp": 1666626152919
  },
  {
    "pId": "d91f2b57-2c61-4b73-90f2-125054868ba0",
    "playType": "TO",
    "playerId": "T",
    "timestamp": 1666626174751
  },
  {
    "pId": "840ec28d-46aa-43a3-9d76-764bbe74c562",
    "playType": "STL",
    "playerId": "R",
    "timestamp": 1666626181694
  },
  {
    "pId": "89b9b3b4-c67e-4fed-90f4-11df6c9a1cbf",
    "playType": "TO",
    "playerId": "R",
    "timestamp": 1666626184095
  },
  {
    "pId": "5efd3db5-6229-4e76-b4f4-dbcbf2571eb6",
    "playType": "STL",
    "playerId": "JL",
    "timestamp": 1666626186624
  },
  {
    "pId": "4dc40ec3-51f7-4228-a301-fc22abd68ce3",
    "playType": "TWPTS",
    "playerId": "JL",
    "timestamp": 1666626190923
  },
  {
    "pId": "b13e8e4d-ab40-44b8-8c5e-cbdf49578935",
    "playType": "TWPTMI",
    "playerId": "HS",
    "timestamp": 1666626198711
  },
  {
    "pId": "ac2540aa-e272-48ac-a6f6-b4f002d12cfc",
    "playType": "REB",
    "playerId": "AB",
    "timestamp": 1666626200759
  },
  {
    "pId": "daf1cb05-19d1-4290-a60c-2ea16682f844",
    "playType": "TWPTMI",
    "playerId": "AB",
    "timestamp": 1666626203078
  },
  {
    "pId": "7e15ab2d-a14b-4408-a237-78425da9f136",
    "playType": "REB",
    "playerId": "SN",
    "timestamp": 1666626204423
  },
  {
    "pId": "634eaeea-9e2d-471f-9a25-09df78ff8848",
    "playType": "THPTMI",
    "playerId": "R",
    "timestamp": 1666626211797
  },
  {
    "pId": "cddd3b52-c7da-4e70-9ec8-d555996b70fe",
    "playType": "REB",
    "playerId": "JA",
    "timestamp": 1666626212831
  },
  {
    "pId": "d7e7735c-ade6-4812-aac2-d8766801ac9b",
    "playType": "THPTMI",
    "playerId": "JA",
    "timestamp": 1666626218697
  },
  {
    "pId": "c5823b0a-c5f9-4a1b-9037-76d87de73aa7",
    "playType": "OREB",
    "playerId": "JL",
    "timestamp": 1666626225685
  },
  {
    "pId": "4af76507-1337-497f-a275-5fb7ebfe057b",
    "playType": "TWPTMI",
    "playerId": "JL",
    "timestamp": 1666626233797
  },
  {
    "pId": "05587130-a903-4ba3-a1ac-96b022c8312c",
    "playType": "REB",
    "playerId": "R",
    "timestamp": 1666626234479
  },
  {
    "pId": "94215137-08d7-45df-a939-3d31d82c8a8f",
    "playType": "TWPTMI",
    "playerId": "R",
    "timestamp": 1666626246111
  },
  {
    "pId": "8ef66582-40c9-455d-9dca-466e8079d22d",
    "playType": "OREB",
    "playerId": "CH",
    "timestamp": 1666626251360
  },
  {
    "pId": "759dd459-6ffd-489e-962d-f2cfafb0dda3",
    "playType": "TO",
    "playerId": "HS",
    "timestamp": 1666626255342
  },
  {
    "pId": "7b8126b5-4aaf-461e-8975-9b2adbd5c78b",
    "playType": "STL",
    "playerId": "AB",
    "timestamp": 1666626258887
  },
  {
    "pId": "93b92b8c-1db6-459c-a7aa-f44a26ab2328",
    "playType": "THPTMI",
    "playerId": "AB",
    "timestamp": 1666626264704
  },
  {
    "pId": "742ad388-3827-425b-8761-b20bba318609",
    "playType": "REB",
    "playerId": "JK",
    "timestamp": 1666626267600
  },
  {
    "pId": "9177284d-d85a-44ee-b2bb-75111b6c7ac7",
    "playType": "TWPTS",
    "playerId": "JK",
    "timestamp": 1666626279112
  },
  {
    "pId": "e7c91d4f-7f21-45d7-9af0-ebce9d504d0e",
    "playType": "TWPTMI",
    "playerId": "AB",
    "timestamp": 1666626292630
  },
  {
    "pId": "9dd57365-c4e4-4125-b81e-228b9fa38a06",
    "playType": "REB",
    "playerId": "CH",
    "timestamp": 1666626293477
  },
  {
    "pId": "d2354f0e-959a-4e50-90b0-d349bcbf7933",
    "playType": "THPTMI",
    "playerId": "R",
    "timestamp": 1666626301070
  },
  {
    "pId": "f2074626-375b-447c-a753-56fc3051ba77",
    "playType": "REB",
    "playerId": "JA",
    "timestamp": 1666626301882
  },
  {
    "pId": "c954b3dc-11da-4308-8506-e3d0081eee29",
    "playType": "TWPTMI",
    "playerId": "JL",
    "timestamp": 1666626308071
  },
  {
    "pId": "cacc4a99-5192-4aeb-a601-05744d1287c0",
    "playType": "REB",
    "playerId": "SN",
    "timestamp": 1666626313528
  },
  {
    "pId": "bd30966b-5d8a-4063-b3f6-b6273c5ea193",
    "playType": "TWPTMI",
    "playerId": "R",
    "timestamp": 1666626320585
  },
  {
    "pId": "0a07a178-8de8-42f0-a2dc-82d6d29a1c90",
    "playType": "REB",
    "playerId": "JA",
    "timestamp": 1666626322169
  },
  {
    "pId": "16956fd3-22eb-4431-9884-f964e1fc7cb1",
    "playType": "TWPTMI",
    "playerId": "AB",
    "timestamp": 1666626330265
  },
  {
    "pId": "158db33a-17b6-4b74-805c-ed9a0fa12cd9",
    "playType": "REB",
    "playerId": "CH",
    "timestamp": 1666626331767
  },
  {
    "pId": "18a8dbfd-9481-448e-931e-f784ce826a55",
    "playType": "TWPTS",
    "playerId": "HS",
    "timestamp": 1666626335184
  },
  {
    "pId": "44dfbf9d-b1a0-44e1-a7c1-84fc43ce4097",
    "playType": "STL",
    "playerId": "JK",
    "timestamp": 1666626346809
  },
  {
    "pId": "4962a0b1-8221-4338-934b-9cee7f3f5965",
    "playType": "TO",
    "playerId": "AB",
    "timestamp": 1666626349490
  },
  {
    "pId": "e3be30b1-14e7-46ce-9ca2-81e839146635",
    "playType": "AST",
    "playerId": "JK",
    "timestamp": 1666626352201
  },
  {
    "pId": "b33a0d73-10c1-4b53-b09c-b53adb5a7b8c",
    "playType": "TWPTS",
    "playerId": "HS",
    "timestamp": 1666626353063
  },
  {
    "pId": "055e250c-257c-4f59-a529-f0ce92e43e60",
    "playType": "TWPTMI",
    "playerId": "JA",
    "timestamp": 1666626365000
  },
  {
    "pId": "c95f7def-143a-47d9-9c81-1aafd37b6d89",
    "playType": "REB",
    "playerId": "R",
    "timestamp": 1666626366435
  },
  {
    "pId": "cd3d99fc-96f9-405d-9cee-a660a2b0d41f",
    "playType": "TWPTMI",
    "playerId": "JK",
    "timestamp": 1666626377816
  },
  {
    "pId": "87af3406-bc06-4b91-97dd-18b0de4d4c6d",
    "playType": "OREB",
    "playerId": "SN",
    "timestamp": 1666626379416
  },
  {
    "pId": "7fc20e34-9896-4930-a0c0-065a070f9651",
    "playType": "TWPTMI",
    "playerId": "R",
    "timestamp": 1666626385612
  },
  {
    "pId": "3ada0884-1ec8-45be-927b-aa47b9c958b8",
    "playType": "REB",
    "playerId": "JL",
    "timestamp": 1666626387362
  },
  {
    "pId": "789011fe-309a-4de8-8d2f-ecb579de4489",
    "playType": "THPTMI",
    "playerId": "AB",
    "timestamp": 1666626389681
  },
  {
    "pId": "15f88af7-5899-4619-8e6a-1c6e63ffa28c",
    "playType": "REB",
    "playerId": "CH",
    "timestamp": 1666626390696
  },
  {
    "pId": "be72acc1-4c93-4fe7-a597-c5700f9e2c2c",
    "playType": "TWPTMI",
    "playerId": "HS",
    "timestamp": 1666626404144
  },
  {
    "pId": "d6983220-fe08-4221-895e-14d9c0cde768",
    "playType": "REB",
    "playerId": "SN",
    "timestamp": 1666626405377
  },
  {
    "pId": "6a134640-1e02-4cd6-a75d-1576d0a5c605",
    "playType": "TWPTMI",
    "playerId": "CH",
    "timestamp": 1666626412509
  },
  {
    "pId": "0ef7a564-30e8-46f2-8ca6-7d325eb2de67",
    "playType": "REB",
    "playerId": "JL",
    "timestamp": 1666626413655
  },
  {
    "pId": "f446bddb-d5f1-4824-8f88-31db9b0425ac",
    "playType": "TWPTS",
    "playerId": "JL",
    "timestamp": 1666626420049
  },
  {
    "pId": "6d5c61bf-b8af-4ef4-babd-e93cc91b2dee",
    "playType": "AST",
    "playerId": "HJ",
    "timestamp": 1666626420990
  },
  {
    "pId": "8f2f6160-9f4d-4f22-94cc-0d34533bb3be",
    "playType": "THPTMI",
    "playerId": "HS",
    "timestamp": 1666626430528
  },
  {
    "pId": "6eb49452-d3c3-4023-aca3-95d8bcabafad",
    "playType": "OREB",
    "playerId": "JK",
    "timestamp": 1666626431848
  },
  {
    "pId": "50e1ed25-fe1b-459c-bef5-2c4305331087",
    "playType": "THPTMI",
    "playerId": "R",
    "timestamp": 1666626438325
  },
  {
    "pId": "d943a345-03ab-409a-b196-528853260d42",
    "playType": "OREB",
    "playerId": "R",
    "timestamp": 1666626439118
  },
  {
    "pId": "e334f8eb-e108-494f-b64d-2f881116ebc9",
    "playType": "AST",
    "playerId": "JK",
    "timestamp": 1666626441874
  },
  {
    "pId": "644f8ffa-122a-44f7-9a83-040cab0026a2",
    "playType": "THPTS",
    "playerId": "R",
    "timestamp": 1666626442826
  },
  {
    "pId": "dbc015b0-7bb1-4fab-92d0-f152b34acbfe",
    "playType": "TWPTS",
    "playerId": "AB",
    "timestamp": 1666626448283
  },
  {
    "pId": "d10af873-6edb-4e04-8dd5-d3da97c3180b",
    "playType": "TWPTS",
    "playerId": "SN",
    "timestamp": 1666626453635
  },
  {
    "pId": "6862619a-b7d1-4674-abec-c247054467e4",
    "playType": "AST",
    "playerId": "HS",
    "timestamp": 1666626455307
  },
  {
    "pId": "8dc478b1-804a-441b-9af6-66ca9a38da68",
    "playType": "FL",
    "playerId": "P",
    "timestamp": 1666626468682
  },
  {
    "pId": "47bcf6eb-cd10-4e74-8fc1-06f8d95360c8",
    "playType": "FL",
    "playerId": "P",
    "timestamp": 1666626469704
  },
  {
    "pId": "0d143f6b-1d42-4728-b303-4fcb313a8340",
    "playType": "THPTS",
    "playerId": "AB",
    "timestamp": 1666626473664
  },
  {
    "pId": "bbebab77-e7c7-47a8-b0f3-713349c1bad9",
    "playType": "THPTMI",
    "playerId": "R",
    "timestamp": 1666626491392
  },
  {
    "pId": "c0d13a07-7b14-4f40-8490-76ed0ba9339e",
    "playType": "REB",
    "playerId": "JL",
    "timestamp": 1666626495779
  },
  {
    "pId": "989de553-2a38-4fab-85a2-7486cad6b56a",
    "playType": "THPTMI",
    "playerId": "T",
    "timestamp": 1666626503482
  },
  {
    "pId": "e103d4a6-5623-4d7f-84d8-56e03d4b3b57",
    "playType": "REB",
    "playerId": "JK",
    "timestamp": 1666626504801
  },
  {
    "pId": "31d1c609-0495-4904-b2dc-c7cb7be93527",
    "playType": "TWPTMI",
    "playerId": "JK",
    "timestamp": 1666626510018
  },
  {
    "pId": "273c53c2-0e3a-4202-8505-59c3f3bc147f",
    "playType": "REB",
    "playerId": "T",
    "timestamp": 1666626514614
  },
  {
    "pId": "211056fa-7a0d-4672-a39c-b6d691edf34e",
    "playType": "TWPTS",
    "playerId": "AB",
    "timestamp": 1666626521195
  },
  {
    "pId": "37133a30-b4f4-431b-ab46-928be416c0e2",
    "playType": "TO",
    "playerId": "HS",
    "timestamp": 1666626527573
  },
  {
    "pId": "b54b4548-253c-4d0b-a2ad-e6ff2fa18ab3",
    "playType": "STL",
    "playerId": "HJ",
    "timestamp": 1666626532436
  },
  {
    "pId": "5cb57a5f-b3c3-43c7-bbea-184062994dd4",
    "playType": "TWPTS",
    "playerId": "AB",
    "timestamp": 1666626538113
  },
  {
    "pId": "c9034925-eb60-41b2-a8ee-6888d248483d",
    "playType": "AST",
    "playerId": "JK",
    "timestamp": 1666626546507
  },
  {
    "pId": "09bf60ee-e2d4-4cdd-bc3d-86aeb1402d11",
    "playType": "THPTS",
    "playerId": "R",
    "timestamp": 1666626547330
  },
  {
    "pId": "57de0804-492e-445b-bf38-bebaf9d2249d",
    "playType": "THPTMI",
    "playerId": "AB",
    "timestamp": 1666626555372
  },
  {
    "pId": "8c8ee29e-e1aa-4581-a89e-6664b0b6b530",
    "playType": "REB",
    "playerId": "P",
    "timestamp": 1666626556491
  },
  {
    "pId": "8e5b38d7-a837-412d-b7f5-c09015b7b0a6",
    "playType": "AST",
    "playerId": "JK",
    "timestamp": 1666626564394
  },
  {
    "pId": "1cad34e1-7362-4026-a262-86a5dec6ca29",
    "playType": "TWPTS",
    "playerId": "HS",
    "timestamp": 1666626565594
  },
  {
    "pId": "ed22195b-4fcc-4815-b7b9-872143e78a8a",
    "playType": "TWPTS",
    "playerId": "AB",
    "timestamp": 1666626569127
  },
  {
    "pId": "7b8b0b28-3187-4678-a68c-977270c3c6ea",
    "playType": "AST",
    "playerId": "JK",
    "timestamp": 1666626580628
  },
  {
    "pId": "8cc64cb0-ee40-4873-bbe7-375b01655c3b",
    "playType": "TWPTS",
    "playerId": "R",
    "timestamp": 1666626581398
  },
  {
    "pId": "a5303e7d-1be7-4004-90f1-ac8c7693957d",
    "playType": "THPTMI",
    "playerId": "AB",
    "timestamp": 1666626591333
  },
  {
    "pId": "6f2bdad1-8756-49ee-b6d1-362e4c57cfa0",
    "playType": "REB",
    "playerId": "HS",
    "timestamp": 1666626592323
  },
  {
    "pId": "59a24a86-9357-450f-9caa-322f7339c2f4",
    "playType": "TWPTMI",
    "playerId": "JK",
    "timestamp": 1666626598678
  },
  {
    "pId": "9f641f55-a76f-4306-b789-ffb673deb80a",
    "playType": "REB",
    "playerId": "JL",
    "timestamp": 1666626599452
  },
  {
    "pId": "8421f498-01e8-4eb6-b7d6-a02ebd0f6b95",
    "playType": "TWPTS",
    "playerId": "JL",
    "timestamp": 1666626795774
  },
  {
    "pId": "51e3cd5f-8d46-4279-9c66-91bf596b665f",
    "playType": "THPTS",
    "playerId": "P",
    "timestamp": 1666626803718
  },
  {
    "pId": "a55034a0-3041-430e-b073-55b1b28da216",
    "playType": "TWPTMI",
    "playerId": "JL",
    "timestamp": 1666626812452
  },
  {
    "pId": "dd149c28-9ede-4615-8bb3-5b44693e8b5c",
    "playType": "OREB",
    "playerId": "HJ",
    "timestamp": 1666626814505
  },
  {
    "pId": "28ef22d8-97f0-488f-9320-fd1c964598e3",
    "playType": "TWPTMI",
    "playerId": "T",
    "timestamp": 1666626816886
  },
  {
    "pId": "a6e68e7f-bb6e-4aae-a551-a33e5bdc1dda",
    "playType": "REB",
    "playerId": "CH",
    "timestamp": 1666626818443
  },
  {
    "pId": "7f06cd43-277c-4c25-9b0e-32234600a46f",
    "playType": "AST",
    "playerId": "P",
    "timestamp": 1666626822893
  },
  {
    "pId": "83a84e9b-da6f-4a01-bdec-ac6a233648c2",
    "playType": "TWPTS",
    "playerId": "JK",
    "timestamp": 1666626825352
  },
  {
    "pId": "cfb16720-3efb-4ef1-99a9-8535d5a523f5",
    "playType": "FL",
    "playerId": "P",
    "timestamp": 1666626861420
  },
  {
    "pId": "6e21976f-17f0-4de6-a16c-9fb16f7adc8e",
    "playType": "TWPTS",
    "playerId": "AB",
    "timestamp": 1666626869134
  },
  {
    "pId": "0e4e480d-3502-4216-890e-7c7087b4fcb4",
    "playType": "AST",
    "playerId": "CH",
    "timestamp": 1666626879623
  },
  {
    "pId": "7e770300-b4be-48ca-b9e2-f6bb1ad660b0",
    "playType": "TWPTS",
    "playerId": "HS",
    "timestamp": 1666626880462
  },
  {
    "pId": "5d691dc8-b236-423a-9c45-bfa0ac8eaa53",
    "playType": "TWPTMI",
    "playerId": "AB",
    "timestamp": 1666626885479
  },
  {
    "pId": "309edf80-a171-4c51-a873-82c8db89161d",
    "playType": "REB",
    "playerId": "HS",
    "timestamp": 1666626886792
  },
  {
    "pId": "b965fbd7-7c54-4ac3-9df5-d16558d213e2",
    "playType": "TWPTS",
    "playerId": "JL",
    "timestamp": 1666626910227
  },
  {
    "pId": "194ca213-7b15-496f-bcc1-6dab1f0e7768",
    "playType": "AST",
    "playerId": "HJ",
    "timestamp": 1666626911817
  },
  {
    "pId": "3630c4a0-5307-4ca7-9c1e-56ce1ebd5c3e",
    "playType": "TO",
    "playerId": "Y",
    "timestamp": 1666626976956
  },
  {
    "pId": "6583d0ec-ca7a-41b6-ae4b-266b27674941",
    "playType": "STL",
    "playerId": "HS",
    "timestamp": 1666626978574
  },
  {
    "pId": "c7d443a2-6aa4-4c3f-8b35-c599ab00bcde",
    "playType": "TO",
    "playerId": "S",
    "timestamp": 1666626995057
  },
  {
    "pId": "512e09e0-8ab6-4aa2-aeb2-986cea3376aa",
    "playType": "TO",
    "playerId": "HJ",
    "timestamp": 1666626999602
  },
  {
    "pId": "12bf3ee5-e8f2-4313-bbf4-0dff0e25cfde",
    "playType": "STL",
    "playerId": "TO",
    "timestamp": 1666627015654
  },
  {
    "pId": "b8c2efef-3730-4a96-81d3-bb0fc3ed3ebe",
    "playType": "THPTS",
    "playerId": "AB",
    "timestamp": 1666627020418
  },
  {
    "pId": "0fb0ccfa-29eb-43b1-b1d6-ca64e08c1c7a",
    "playType": "TWPTMI",
    "playerId": "P",
    "timestamp": 1666627028194
  },
  {
    "pId": "9110a65e-8b0b-4d2d-98cc-a748a8723d6d",
    "playType": "REB",
    "playerId": "JL",
    "timestamp": 1666627029738
  },
  {
    "pId": "36e5d21d-4270-4c1c-99ab-a26bdbc0f33f",
    "playType": "AST",
    "playerId": "P",
    "timestamp": 1666627046282
  },
  {
    "pId": "7fa2698d-8c51-410f-b254-78822304e77e",
    "playType": "THPTS",
    "playerId": "CH",
    "timestamp": 1666627047273
  },
  {
    "pId": "fb90e72c-ec90-46e9-928d-3493726defcf",
    "playType": "TWPTMI",
    "playerId": "JL",
    "timestamp": 1666627065057
  },
  {
    "pId": "d25e0c70-2319-448a-a203-5861317c62f7",
    "playType": "OREB",
    "playerId": "HJ",
    "timestamp": 1666627068550
  },
  {
    "pId": "ad823869-5e20-47da-b2ff-a6420a577660",
    "playType": "TWPTMI",
    "playerId": "AB",
    "timestamp": 1666627071137
  },
  {
    "pId": "70c1ccf7-0f89-42d4-adc1-cf40a25c02d3",
    "playType": "REB",
    "playerId": "SN",
    "timestamp": 1666627076841
  },
  {
    "pId": "1d44ac6a-67af-42f6-8a32-fcd40c2ee8b4",
    "playType": "TWPTMI",
    "playerId": "HS",
    "timestamp": 1666627081805
  },
  {
    "pId": "c3bd223d-c1f2-4acd-bdf0-41bdcd136b77",
    "playType": "REB",
    "playerId": "AB",
    "timestamp": 1666627082691
  },
  {
    "pId": "5c1c73d7-f60d-4f6f-b241-9610bd308675",
    "playType": "THPTMI",
    "playerId": "Y",
    "timestamp": 1666627086329
  },
  {
    "pId": "b06e59b6-c12c-4f03-95de-042a83d27cbb",
    "playType": "OREB",
    "playerId": "HJ",
    "timestamp": 1666627087289
  },
  {
    "pId": "7c8127fe-d10b-4371-8e7f-b3b17833be68",
    "playType": "TWPTS",
    "playerId": "AS",
    "timestamp": 1666627096540
  },
  {
    "pId": "38d3007e-6499-440e-b329-d91e9436aa98",
    "playType": "AST",
    "playerId": "JL",
    "timestamp": 1666627097706
  },
  {
    "pId": "46318c13-e98b-4b30-a237-04f3293b52a7",
    "playType": "TO",
    "playerId": "P",
    "timestamp": 1666627109929
  },
  {
    "pId": "b12793bf-4919-4cbe-84ed-a849628a2290",
    "playType": "FL",
    "playerId": "P",
    "timestamp": 1666627117386
  },
  {
    "pId": "a350e3ea-9b53-4769-90eb-1255f7cec5a3",
    "playType": "TWPTS",
    "playerId": "JL",
    "timestamp": 1666627126748
  },
  {
    "pId": "7b3e23b3-741a-4c3a-b251-958a2bb0a72a",
    "playType": "AST",
    "playerId": "Y",
    "timestamp": 1666627129481
  },
  {
    "pId": "368b8386-8c56-4cc6-b20d-5f8b295767d5",
    "playType": "STL",
    "playerId": "HJ",
    "timestamp": 1666627143946
  },
  {
    "pId": "eac14681-dd1e-4190-963a-fcaead50699c",
    "playType": "TO",
    "playerId": "HS",
    "timestamp": 1666627146498
  },
  {
    "pId": "3a15a413-1961-4c5b-b565-e4c497f50793",
    "playType": "TWPTMI",
    "playerId": "Y",
    "timestamp": 1666627149497
  },
  {
    "pId": "5d9ed2ab-1bbf-499a-bad9-2b326947bf1b",
    "playType": "REB",
    "playerId": "TO",
    "timestamp": 1666627154106
  },
  {
    "pId": "5d054870-2329-4639-9acd-c6d66ad83c39",
    "playType": "TO",
    "playerId": "TO",
    "timestamp": 1666627156635
  },
  {
    "pId": "f6db1b58-69ad-4d34-83b9-7c5e76f44497",
    "playType": "STL",
    "playerId": "Y",
    "timestamp": 1666627157619
  },
  {
    "pId": "d95c25c6-c82f-403b-a47f-4584f9ed6b05",
    "playType": "TWPTMI",
    "playerId": "AS",
    "timestamp": 1666627164914
  },
  {
    "pId": "347af8db-80b1-489b-83b1-704f82bbbf6a",
    "playType": "REB",
    "playerId": "P",
    "timestamp": 1666627166573
  },
  {
    "pId": "8e13a897-a491-494f-9a12-261b2778dd18",
    "playType": "AST",
    "playerId": "HS",
    "timestamp": 1666627173415
  },
  {
    "pId": "87336534-f710-441f-a5b2-576e73aad3e6",
    "playType": "TWPTS",
    "playerId": "TO",
    "timestamp": 1666627174523
  },
  {
    "pId": "30a48957-2f65-4e1b-83ed-8961a2eb47ee",
    "playType": "TWPTMI",
    "playerId": "JL",
    "timestamp": 1666627179796
  },
  {
    "pId": "57903800-c2f3-417f-bd78-8460c173bc13",
    "playType": "REB",
    "playerId": "SN",
    "timestamp": 1666627180709
  },
  {
    "pId": "1cac2292-ca3a-47f8-906b-befec0994463",
    "playType": "THPTMI",
    "playerId": "P",
    "timestamp": 1666627210971
  },
  {
    "pId": "f439f6c1-5f0e-4a7c-a145-1fbcfc9ca2d5",
    "playType": "OREB",
    "playerId": "TO",
    "timestamp": 1666627212123
  },
  {
    "pId": "91337d7e-fef5-4bdf-a9ab-84aac68bbf78",
    "playType": "AST",
    "playerId": "SN",
    "timestamp": 1666627219566
  },
  {
    "pId": "65b22f53-7d7d-4ee4-ab3d-5f5d125871ed",
    "playType": "THPTS",
    "playerId": "HS",
    "timestamp": 1666627220272
  },
  {
    "pId": "ae5fdf45-529e-4ad8-a925-dd30c7ce412f",
    "playType": "THPTMI",
    "playerId": "Y",
    "timestamp": 1666627226381
  },
  {
    "pId": "8d994ec2-de22-497f-a6a7-35632e473778",
    "playType": "REB",
    "playerId": "SN",
    "timestamp": 1666627227131
  },
  {
    "pId": "cd911a06-2567-4352-b19f-becd808a6e51",
    "playType": "TWPTS",
    "playerId": "CH",
    "timestamp": 1666627236595
  },
  {
    "pId": "f8e46ff0-54de-4a7f-a9af-5519f75b248f",
    "playType": "THPTMI",
    "playerId": "AB",
    "timestamp": 1666627259003
  },
  {
    "pId": "81901391-ca1e-43f7-b9ec-787c4c81ff6d",
    "playType": "REB",
    "playerId": "JK",
    "timestamp": 1666627260284
  },
  {
    "pId": "98ba4af3-1134-425f-9502-184412c7d844",
    "playType": "TWPTMI",
    "playerId": "JK",
    "timestamp": 1666627267026
  },
  {
    "pId": "253ed607-73bd-4bcd-a998-cd0fc10f6ce9",
    "playType": "REB",
    "playerId": "T",
    "timestamp": 1666627268380
  },
  {
    "pId": "3f7d8794-b574-462b-8181-efb7f489253f",
    "playType": "TWPTS",
    "playerId": "AB",
    "timestamp": 1666627279028
  },
  {
    "pId": "50b80ef3-c412-428f-b4d7-53f979a3637d",
    "playType": "TWPTMI",
    "playerId": "SN",
    "timestamp": 1666627284115
  },
  {
    "pId": "61074325-2218-40ff-919c-dfb91f1a712e",
    "playType": "REB",
    "playerId": "JL",
    "timestamp": 1666627286339
  },
  {
    "pId": "44829efe-aee0-4561-8b13-07dc86b10074",
    "playType": "THPTMI",
    "playerId": "CH",
    "timestamp": 1666627307632
  },
  {
    "pId": "3cdb0574-e5e1-4470-83b8-17a0bebb1f97",
    "playType": "REB",
    "playerId": "JL",
    "timestamp": 1666627308756
  },
  {
    "pId": "61428b37-3e1a-4dae-94da-6bb34f737f72",
    "playType": "TWPTMI",
    "playerId": "AB",
    "timestamp": 1666627318714
  },
  {
    "pId": "d822dda5-00bf-4871-b025-4ab0c604aea0",
    "playType": "REB",
    "playerId": "JK",
    "timestamp": 1666627319899
  },
  {
    "pId": "2d7a4d91-dc16-4b56-9c9f-53c552c37c37",
    "playType": "TO",
    "playerId": "HS",
    "timestamp": 1666627353295
  },
  {
    "pId": "7754166b-a7b3-4e6a-8965-7501ed097c67",
    "playType": "STL",
    "playerId": "T",
    "timestamp": 1666627354913
  },
  {
    "pId": "4ece5cee-b12c-4110-9d0b-96ae5acf4794",
    "playType": "THPTS",
    "playerId": "HJ",
    "timestamp": 1666627366471
  },
  {
    "pId": "fdec99a1-e607-423b-858a-86c215374dfc",
    "playType": "AST",
    "playerId": "JL",
    "timestamp": 1666627372124
  },
  {
    "pId": "f5ead9c2-a90b-4df8-9396-4a021abe3015",
    "playType": "TWPTMI",
    "playerId": "T",
    "timestamp": 1666627389464
  },
  {
    "pId": "28ab16c3-06c4-49f5-a5d0-e79692ec8488",
    "playType": "REB",
    "playerId": "AB",
    "timestamp": 1666627391716
  },
  {
    "pId": "af2fd5cb-1a7a-4d90-bbe0-a92a8cc8b844",
    "playType": "TWPTMI",
    "playerId": "AB",
    "timestamp": 1666627393760
  },
  {
    "pId": "a59909d1-7970-411d-aa64-00c3ef174697",
    "playType": "REB",
    "playerId": "JK",
    "timestamp": 1666627399068
  },
  {
    "pId": "cf1710e9-8a50-4f07-a170-8a12efc2cbe9",
    "playType": "THPTMI",
    "playerId": "R",
    "timestamp": 1666627430087
  },
  {
    "pId": "95417f76-feb8-47c8-8893-f3ff51c4ee9f",
    "playType": "THPTS",
    "playerId": "R",
    "timestamp": 1666627434969
  },
  {
    "pId": "fc98c88e-4ae0-4ad9-b91f-cc04f18e6ceb",
    "playType": "AST",
    "playerId": "HS",
    "timestamp": 1666627436314
  },
  {
    "pId": "09c869f3-85a8-4e61-82d5-7755a389589e",
    "playType": "TWPTS",
    "playerId": "JA",
    "timestamp": 1666627443910
  },
  {
    "pId": "38de49db-bfb6-456b-bff5-a16835d58ecf",
    "playType": "THPTMI",
    "playerId": "HS",
    "timestamp": 1666627454230
  },
  {
    "pId": "ccd247d9-4c9b-4e74-9fcf-7a3287171962",
    "playType": "THPTMI",
    "playerId": "T",
    "timestamp": 1666627467783
  },
  {
    "pId": "d4bb4f03-82a1-4fcd-b11d-aac55b77b1db",
    "playType": "REB",
    "playerId": "SN",
    "timestamp": 1666627469578
  },
  {
    "pId": "c47d4eaf-eeeb-48ec-9100-34e76ade9229",
    "playType": "TWPTS",
    "playerId": "JK",
    "timestamp": 1666627477708
  },
  {
    "pId": "b6e70f51-609c-4067-8961-0c83d5153047",
    "playType": "TWPTS",
    "playerId": "AB",
    "timestamp": 1666627496409
  },
  {
    "pId": "c167f677-b882-4042-9832-e992dd2c5145",
    "playType": "TO",
    "playerId": "TO",
    "timestamp": 1666627511733
  },
  {
    "pId": "806e007f-5c41-4bcb-90fe-31cd336efab4",
    "playType": "STL",
    "playerId": "HJ",
    "timestamp": 1666627514425
  },
  {
    "pId": "39ea08fc-378b-452a-9a25-dfcedead54c2",
    "playType": "TWPTS",
    "playerId": "HJ",
    "timestamp": 1666627517099
  },
  {
    "pId": "ff881614-6b6f-4f20-a5b3-6d00ce409872",
    "playType": "TWPTMI",
    "playerId": "AB",
    "timestamp": 1666627538976
  },
  {
    "pId": "d5786233-458a-4a00-a5ab-f31ecc7826df",
    "playType": "OREB",
    "playerId": "AB",
    "timestamp": 1666627539689
  },
  {
    "pId": "50af2cc7-0fdf-4b82-9b49-41b8d3844d09",
    "playType": "FL",
    "playerId": "TO",
    "timestamp": 1666627564567
  },
  {
    "pId": "572b28e7-bf9b-43ff-8492-9d13e83b6d71",
    "playType": "FL",
    "playerId": "TO",
    "timestamp": 1666627567735
  },
  {
    "pId": "3ce6b952-b6b3-4062-bbe8-159a8bdc941d",
    "playType": "FL",
    "playerId": "TO",
    "timestamp": 1666627570143
  },
  {
    "pId": "905e3aca-ebc5-401b-b80d-1d9895ca3317",
    "playType": "TO",
    "playerId": "JL",
    "timestamp": 1666627590512
  },
  {
    "pId": "dc4d3c91-5847-4841-af67-e59fde1e53c8",
    "playType": "BLK",
    "playerId": "SN",
    "timestamp": 1666627599328
  },
  {
    "pId": "f428a7af-8d48-43f1-bc52-2265a1c3b274",
    "playType": "TWPTMI",
    "playerId": "JL",
    "timestamp": 1666627601563
  },
  {
    "pId": "07dcf400-91dc-43f4-a726-30133090db77",
    "playType": "THPTMI",
    "playerId": "TO",
    "timestamp": 1666627610910
  },
  {
    "pId": "41620a28-036f-4284-9a04-c41bc10f5002",
    "playType": "BLK",
    "playerId": "AB",
    "timestamp": 1666627612719
  },
  {
    "pId": "f27bd7c8-28a2-4ecb-84ea-83fe3780ee99",
    "playType": "OREB",
    "playerId": "SN",
    "timestamp": 1666627617461
  },
  {
    "pId": "44ae2758-ea0f-4d48-9d55-08bfba5b7b0f",
    "playType": "TWPTMI",
    "playerId": "HS",
    "timestamp": 1666627618537
  },
  {
    "pId": "156222d8-5587-4c0b-b47a-de24ac7d5e8e",
    "playType": "REB",
    "playerId": "T",
    "timestamp": 1666627619758
  },
  {
    "pId": "fb77b934-4323-4016-9782-272801131a68",
    "playType": "TWPTMI",
    "playerId": "AB",
    "timestamp": 1666627624698
  },
  {
    "pId": "13411c93-93a1-40ff-b4af-dc7d373114e1",
    "playType": "REB",
    "playerId": "R",
    "timestamp": 1666627626406
  },
  {
    "pId": "ba3cc5df-e6d7-43e2-871f-37395a915218",
    "playType": "AST",
    "playerId": "R",
    "timestamp": 1666627628439
  },
  {
    "pId": "9fb278fe-ceb1-4a10-8091-59ee0454c548",
    "playType": "TWPTS",
    "playerId": "JK",
    "timestamp": 1666627629719
  },
  {
    "pId": "b815be08-c71e-41ed-a62d-5ed4b5681db1",
    "playType": "TWPTMI",
    "playerId": "JL",
    "timestamp": 1666627655729
  },
  {
    "pId": "0b88e965-4400-44e2-9a56-40bd301a7c35",
    "playType": "REB",
    "playerId": "JK",
    "timestamp": 1666627656616
  },
  {
    "pId": "50d32d51-244b-4dbb-bad7-9f6c201082e0",
    "playType": "TWPTMI",
    "playerId": "R",
    "timestamp": 1666627673136
  },
  {
    "pId": "6ea919e5-91aa-4860-95b0-27e5e5167f2c",
    "playType": "BLK",
    "playerId": "HJ",
    "timestamp": 1666627674678
  },
  {
    "pId": "aa63cdaf-cf2d-4a57-b9b7-9f24dccd71a7",
    "playType": "REB",
    "playerId": "JA",
    "timestamp": 1666627682507
  },
  {
    "pId": "0cb6afdc-2493-48c8-9f58-20714e475e04",
    "playType": "TWPTMI",
    "playerId": "AB",
    "timestamp": 1666627685251
  },
  {
    "pId": "99dec369-3405-4759-ae3c-f3dbb18de365",
    "playType": "OREB",
    "playerId": "JL",
    "timestamp": 1666627686186
  },
  {
    "pId": "052b7ad9-3120-4b50-8a88-36394fd6a65e",
    "playType": "TWPTMI",
    "playerId": "JL",
    "timestamp": 1666627687386
  },
  {
    "pId": "f8574bc3-50d8-461f-9606-c161b5afce4c",
    "playType": "REB",
    "playerId": "HS",
    "timestamp": 1666627689855
  },
  {
    "pId": "acd81b97-6737-4387-9f8a-a2bf471cc544",
    "playType": "TWPTS",
    "playerId": "HS",
    "timestamp": 1666627703175
  },
  {
    "pId": "e33041ac-cbff-4534-84f6-adbc1c55eebd",
    "playType": "THPTMI",
    "playerId": "JA",
    "timestamp": 1666627709128
  },
  {
    "pId": "97d57844-ac72-4ed4-b6ce-a983af6d8bc8",
    "playType": "REB",
    "playerId": "TO",
    "timestamp": 1666627710536
  },
  {
    "pId": "07b3b90d-0143-4ebb-bbed-89778ab23831",
    "playType": "TWPTMI",
    "playerId": "HS",
    "timestamp": 1666627719470
  },
  {
    "pId": "6b033b54-e1ac-43d5-aaa8-03a65761b3c4",
    "playType": "OREB",
    "playerId": "JK",
    "timestamp": 1666627720796
  },
  {
    "pId": "f2b87036-93ee-4743-b1d9-7387c878537b",
    "playType": "TWPTMI",
    "playerId": "JK",
    "timestamp": 1666627722395
  },
  {
    "pId": "05bd8ac9-225f-4632-bba0-3366759b333e",
    "playType": "REB",
    "playerId": "JA",
    "timestamp": 1666627725562
  },
  {
    "pId": "b40e7069-4818-47af-8028-a1ae663ba9b1",
    "playType": "FL",
    "playerId": "TO",
    "timestamp": 1666627729784
  },
  {
    "pId": "817ee255-dbac-4a22-898d-e76ab46e15db",
    "playType": "THPTMI",
    "playerId": "AB",
    "timestamp": 1666627734163
  },
  {
    "pId": "10cf5854-94c0-4532-b0f6-d0801d1f98a9",
    "playType": "REB",
    "playerId": "TO",
    "timestamp": 1666627736071
  },
  {
    "pId": "1aa4dbd4-8c34-4bde-ac0e-8a4f9c73f83d",
    "playType": "AST",
    "playerId": "JK",
    "timestamp": 1666627739550
  },
  {
    "pId": "757e2df8-5b55-4f45-bbf5-cae00be1bd1d",
    "playType": "TWPTS",
    "playerId": "TO",
    "timestamp": 1666627740360
  },
  {
    "pId": "cddf71e9-a02c-4b58-beae-0b4cf578daea",
    "playType": "TWPTS",
    "playerId": "AB",
    "timestamp": 1666627743464
  },
  {
    "pId": "426d0e17-d49c-47c8-ac29-a02017a00ca5",
    "playType": "TWPTMI",
    "playerId": "TO",
    "timestamp": 1666627749305
  },
  {
    "pId": "07bdcd1f-70c6-46de-8851-c7fc96268e08",
    "playType": "REB",
    "playerId": "JA",
    "timestamp": 1666627755914
  },
  {
    "pId": "e90a76eb-1abb-4fbb-9b3b-bdd5a21487ea",
    "playType": "STL",
    "playerId": "JK",
    "timestamp": 1666627767097
  },
  {
    "pId": "957db9e3-260c-4feb-a479-a60827a860aa",
    "playType": "TO",
    "playerId": "AB",
    "timestamp": 1666627770450
  },
  {
    "pId": "db927ac8-0a71-4a88-8a03-d3b4bc181be2",
    "playType": "TWPTMI",
    "playerId": "HS",
    "timestamp": 1666627776886
  },
  {
    "pId": "26b1de37-81b2-4ced-af71-cd8c3e6cab0b",
    "playType": "OREB",
    "playerId": "JK",
    "timestamp": 1666627778060
  },
  {
    "pId": "6dd04820-7914-4f65-94f5-250ba4072aaa",
    "playType": "TWPTS",
    "playerId": "JK",
    "timestamp": 1666627779000
  },
  {
    "pId": "3b249b66-e796-4ba8-a73a-bc2b4d0de389",
    "playType": "THPTMI",
    "playerId": "JA",
    "timestamp": 1666627790651
  },
  {
    "pId": "d0aff9f4-d750-4fc3-bc09-eeb326fa8b34",
    "playType": "REB",
    "playerId": "SN",
    "timestamp": 1666627792199
  },
  {
    "pId": "2fd3d534-f32a-419f-908a-d3ae11b18b2e",
    "playType": "AST",
    "playerId": "R",
    "timestamp": 1666627818935
  },
  {
    "pId": "c5fe3ca7-105d-42bd-bcf4-e5d3cc11f284",
    "playType": "TWPTS",
    "playerId": "HS",
    "timestamp": 1666627819721
  },
  {
    "pId": "253fa5d1-a755-4149-99d8-c62a9daf7009",
    "playType": "THPTMI",
    "playerId": "T",
    "timestamp": 1666627829363
  },
  {
    "pId": "d205b359-fa1e-457d-9b61-8f4c37d72fe5",
    "playType": "OREB",
    "playerId": "JL",
    "timestamp": 1666627833737
  },
  {
    "pId": "85bcd533-9b0c-424c-9693-daae9371e27e",
    "playType": "TWPTS",
    "playerId": "JL",
    "timestamp": 1666627845171
  },
  {
    "pId": "a01328e2-b64d-4c8f-8e88-ce14aa6db035",
    "playType": "AST",
    "playerId": "HJ",
    "timestamp": 1666627846688
  },
  {
    "pId": "978ce83d-9934-42f6-abb5-561630d385f3",
    "playType": "FTMI",
    "playerId": "SN",
    "timestamp": 1666627862825
  },
  {
    "pId": "8b1e96b4-245a-4b3e-82b0-85416c5e076a",
    "playType": "FT",
    "playerId": "SN",
    "timestamp": 1666627869065
  },
  {
    "pId": "0255313d-b85c-4b74-8128-85e85b62c35e",
    "playType": "TWPTMI",
    "playerId": "AB",
    "timestamp": 1666627873912
  },
  {
    "pId": "1e340486-8ae8-4401-8409-d6a86c89b49a",
    "playType": "REB",
    "playerId": "JK",
    "timestamp": 1666627874939
  },
  {
    "pId": "e8f96209-37b3-49c1-b4fb-17d2eab6b94b",
    "playType": "FT",
    "playerId": "JK",
    "timestamp": 1666627886711
  },
  {
    "pId": "71aa5334-958a-442b-b4b9-b83d260fb699",
    "playType": "FT",
    "playerId": "JK",
    "timestamp": 1666627890683
  },
  {
    "pId": "a6e4c51d-4d73-4215-b195-0fc82b88a1d4",
    "playType": "THPTMI",
    "playerId": "T",
    "timestamp": 1666627897135
  },
  {
    "pId": "df5d025c-be65-4fc3-a1a6-787ba9c16c50",
    "playType": "REB",
    "playerId": "HS",
    "timestamp": 1666627899096
  },
  {
    "pId": "92d62c99-c387-40f9-aac4-0179c863ae09",
    "playType": "AST",
    "playerId": "HS",
    "timestamp": 1666627901090
  },
  {
    "pId": "e0db8433-dafa-4a56-bf8b-49a3d94d2f89",
    "playType": "TWPTS",
    "playerId": "JK",
    "timestamp": 1666627901813
  }
]