{
  "id": "0c128908-c69c-40a4-9d40-0e412d837516",
  "name": "10.23 - Team 1 vs Team 2",
  "description": "86 field goal attempts by Team 2, and 81 for Team 1",
  "home": {
    "name": "home",
    "players": [
      {
        "player": "Tom",
        "shorthand": "T"
      },
      {
        "player": "Abhishek",
        "shorthand": "AB"
      },
      {
        "player": "Young",
        "shorthand": "Y"
      },
      {
        "player": "Johnny",
        "shorthand": "JL"
      },
      {
        "player": "James",
        "shorthand": "JA"
      },
      {
        "player": "Andrew S",
        "shorthand": "AS"
      },
      {
        "player": "Hanjoong",
        "shorthand": "HJ"
      }
    ]
  },
  "away": {
    "name": "away",
    "players": [
      {
        "player": "Caleb",
        "shorthand": "CC"
      },
      {
        "player": "Adam",
        "shorthand": "AD"
      },
      {
        "player": "Andrew J",
        "shorthand": "AJ"
      },
      {
        "player": "Sunghoon",
        "shorthand": "SH"
      },
      {
        "player": "Kam",
        "shorthand": "K"
      },
      {
        "player": "Pablo",
        "shorthand": "PB"
      },
      {
        "player": "Sam L (g)",
        "shorthand": "SL"
      }
    ]
  },
  "players": []
}