{
  "id": "6f8c01d0-ebb7-4893-b46c-05ed7a966eca",
  "name": "10.9 - Team 1 vs Team 2",
  "description": "Battle of the Guests",
  "home": {
    "name": "home",
    "players": [
      {
        "player": "Abhishek",
        "shorthand": "AB"
      },
      {
        "player": "Sam L (g)",
        "shorthand": "SL"
      },
      {
        "player": "Hanjoong",
        "shorthand": "HJ"
      },
      {
        "player": "Young",
        "shorthand": "Y"
      },
      {
        "player": "Andrew S",
        "shorthand": "AS"
      },
      {
        "player": "Storm",
        "shorthand": "ST"
      },
      {
        "player": "Johnny",
        "shorthand": "JL"
      }
    ]
  },
  "away": {
    "name": "away",
    "players": [
      {
        "player": "Andrew J",
        "shorthand": "AJ"
      },
      {
        "player": "Jon",
        "shorthand": "J"
      },
      {
        "player": "Adam",
        "shorthand": "AD"
      },
      {
        "player": "David (g)",
        "shorthand": "D"
      },
      {
        "player": "Eric",
        "shorthand": "E"
      },
      {
        "player": "Kam",
        "shorthand": "K"
      },
      {
        "player": "Sunghoon",
        "shorthand": "SH"
      }
    ]
  },
  "players": []
}
