[
  {
    "pId": "7ae9b47c-970a-4dd6-8ab9-b152114b408f",
    "playType": "AST",
    "playerId": "SH",
    "timestamp": 1665448220776
  },
  {
    "pId": "e095cf31-493c-4c55-a4ef-4e536e7b3d2f",
    "playType": "TWPTS",
    "playerId": "D",
    "timestamp": 1665448221978
  },
  {
    "pId": "b3b0ce3d-df7e-4042-87c2-723759b19fe6",
    "playType": "THPTS",
    "playerId": "AB",
    "timestamp": 1665448238251
  },
  {
    "pId": "6a4549e7-55be-4aa9-ab5f-b5c54d65cf96",
    "playType": "THPTMI",
    "playerId": "D",
    "timestamp": 1665448244878
  },
  {
    "pId": "5b4e0973-4ac3-4b30-bd5c-dced47367c15",
    "playType": "OREB",
    "playerId": "SH",
    "timestamp": 1665448245906
  },
  {
    "pId": "09dcc40a-4236-45e4-9b7a-9321bf71bb83",
    "playType": "THPTMI",
    "playerId": "AD",
    "timestamp": 1665448249039
  },
  {
    "pId": "01849477-3ca1-4538-bc2a-183bdbcd8ea0",
    "playType": "REB",
    "playerId": "HJ",
    "timestamp": 1665448251745
  },
  {
    "pId": "986fda2f-fd47-413f-b5bb-318dfb4f3acf",
    "playType": "THPTS",
    "playerId": "SL",
    "timestamp": 1665448253866
  },
  {
    "pId": "46d7eb73-9069-4c48-8ffd-15f67af5b522",
    "playType": "TO",
    "playerId": "D",
    "timestamp": 1665448262678
  },
  {
    "pId": "a9d68603-ce31-4901-904d-f973605ddf42",
    "playType": "STL",
    "playerId": "AB",
    "timestamp": 1665448268132
  },
  {
    "pId": "1a6c692d-8fb2-47a6-9f38-a3827af655a9",
    "playType": "TO",
    "playerId": "JL",
    "timestamp": 1665448272420
  },
  {
    "pId": "90aa871c-7beb-47ea-8d5e-df7356270f8d",
    "playType": "TWPTMI",
    "playerId": "SH",
    "timestamp": 1665448277727
  },
  {
    "pId": "532d58e0-dd5d-4a9d-baa5-d8c49e20bb30",
    "playType": "OREB",
    "playerId": "SH",
    "timestamp": 1665448278943
  },
  {
    "pId": "87d3d396-7b71-498c-9f07-253f7ed31e16",
    "playType": "TWPTMI",
    "playerId": "SH",
    "timestamp": 1665448281521
  },
  {
    "pId": "2af26dbc-78f3-429d-b26c-7ed32f63e02a",
    "playType": "REB",
    "playerId": "AS",
    "timestamp": 1665448283779
  },
  {
    "pId": "87c206da-4f94-4982-bc52-3578cbc5d2bb",
    "playType": "TWPTMI",
    "playerId": "SL",
    "timestamp": 1665448288055
  },
  {
    "pId": "0efb89db-2a8e-49bd-868f-3ba3fe4e3c8c",
    "playType": "REB",
    "playerId": "J",
    "timestamp": 1665448290026
  },
  {
    "pId": "b0c1d358-38a5-457c-831b-ade932be3a30",
    "playType": "TWPTMI",
    "playerId": "SH",
    "timestamp": 1665448295265
  },
  {
    "pId": "a634feaf-ec30-4b48-bbd5-c5c797b6ffb1",
    "playType": "REB",
    "playerId": "HJ",
    "timestamp": 1665448296468
  },
  {
    "pId": "355c6704-6f0a-4308-881e-42e98639bbd6",
    "playType": "TWPTMI",
    "playerId": "JL",
    "timestamp": 1665448304280
  },
  {
    "pId": "1292da01-9bcb-407a-bf0a-a62af23f3ab8",
    "playType": "REB",
    "playerId": "SH",
    "timestamp": 1665448305119
  },
  {
    "pId": "e2866e61-dfc4-4b82-b5a7-dc5619fab1f0",
    "playType": "TWPTMI",
    "playerId": "E",
    "timestamp": 1665448307823
  },
  {
    "pId": "597f8ad8-f6c0-40e3-a17d-7dd7a144af3f",
    "playType": "REB",
    "playerId": "HJ",
    "timestamp": 1665448308986
  },
  {
    "pId": "d4d1543c-fe23-4e54-91a3-9fb3aa35ff6f",
    "playType": "AST",
    "playerId": "HJ",
    "timestamp": 1665448311313
  },
  {
    "pId": "f8281bb6-2ff2-457a-b3f1-9579d5186571",
    "playType": "TWPTS",
    "playerId": "AB",
    "timestamp": 1665448312484
  },
  {
    "pId": "717473a3-5b4f-4eb4-9600-53d497c56ab9",
    "playType": "THPTMI",
    "playerId": "AD",
    "timestamp": 1665448318635
  },
  {
    "pId": "02ca9ce9-e861-4b6c-a041-8690de7425a3",
    "playType": "OREB",
    "playerId": "D",
    "timestamp": 1665448320126
  },
  {
    "pId": "c7b29cbc-65a6-462d-989f-1a2da6d3314f",
    "playType": "THPTMI",
    "playerId": "AD",
    "timestamp": 1665448321918
  },
  {
    "pId": "4ae18021-6ba9-4356-9a90-f59d31796e10",
    "playType": "REB",
    "playerId": "HJ",
    "timestamp": 1665448327718
  },
  {
    "pId": "210a94e8-a3d9-4a65-925b-49451ff2441a",
    "playType": "TO",
    "playerId": "AB",
    "timestamp": 1665448333168
  },
  {
    "pId": "7838c580-368f-4ebf-afc4-c1a75cee72e3",
    "playType": "STL",
    "playerId": "AD",
    "timestamp": 1665448336622
  },
  {
    "pId": "bcf00d9c-7cf6-4d3e-9140-c202da138c13",
    "playType": "AST",
    "playerId": "AD",
    "timestamp": 1665448341608
  },
  {
    "pId": "89d9b036-673e-4ebc-bf5c-0facd3476d19",
    "playType": "TWPTS",
    "playerId": "E",
    "timestamp": 1665448342510
  },
  {
    "pId": "750e03e7-3973-4145-a512-9e0894987deb",
    "playType": "THPTMI",
    "playerId": "AB",
    "timestamp": 1665448349587
  },
  {
    "pId": "dc1ecc4d-842b-45af-96e0-ce9f33642a94",
    "playType": "REB",
    "playerId": "E",
    "timestamp": 1665448351188
  },
  {
    "pId": "a93f9e9f-8769-404e-80bf-d1f4ff92270c",
    "playType": "TWPTS",
    "playerId": "E",
    "timestamp": 1665448351971
  },
  {
    "pId": "4418e859-5a27-4753-a559-f94a32e52f5b",
    "playType": "TWPTS",
    "playerId": "JL",
    "timestamp": 1665448363561
  },
  {
    "pId": "167b4a56-4986-4a85-b198-27005a944c4b",
    "playType": "THPTS",
    "playerId": "D",
    "timestamp": 1665448367460
  },
  {
    "pId": "48dc3a2c-46bf-4d63-a0de-e6c627430495",
    "playType": "AST",
    "playerId": "E",
    "timestamp": 1665448378212
  },
  {
    "pId": "c6e22050-ad64-4a9f-9c37-a791de61a87b",
    "playType": "TO",
    "playerId": "AB",
    "timestamp": 1665448386128
  },
  {
    "pId": "06195b0c-2ca0-4762-9b02-ae6fdbec5b01",
    "playType": "STL",
    "playerId": "D",
    "timestamp": 1665448387333
  },
  {
    "pId": "88ee484a-ece7-45a6-8a07-3cf758a3d17e",
    "playType": "THPTS",
    "playerId": "D",
    "timestamp": 1665448399011
  },
  {
    "pId": "9ac60f03-fc3b-4513-a42f-fbf88e1afc1f",
    "playType": "AST",
    "playerId": "AD",
    "timestamp": 1665448400320
  },
  {
    "pId": "d6616ef9-8b49-4dce-9633-c2a4808d4584",
    "playType": "THPTMI",
    "playerId": "SL",
    "timestamp": 1665448413392
  },
  {
    "pId": "1916eca5-ca27-4fb6-828c-e10a7fe3e3a2",
    "playType": "REB",
    "playerId": "SH",
    "timestamp": 1665448414314
  },
  {
    "pId": "10821dc9-17c1-4120-83f8-22721bdfe44a",
    "playType": "TO",
    "playerId": "J",
    "timestamp": 1665448430195
  },
  {
    "pId": "884a045a-3ec8-4aec-8226-4a8a75c9cc9d",
    "playType": "STL",
    "playerId": "HJ",
    "timestamp": 1665448433914
  },
  {
    "pId": "56428955-d646-4ae2-9c39-48b12fa860a7",
    "playType": "AST",
    "playerId": "SL",
    "timestamp": 1665448437053
  },
  {
    "pId": "04ce0e72-0397-424d-84db-56b88c3fba7a",
    "playType": "TWPTS",
    "playerId": "AB",
    "timestamp": 1665448438077
  },
  {
    "pId": "e0f56d64-57c3-4531-bf06-de887c5b52b5",
    "playType": "TWPTMI",
    "playerId": "J",
    "timestamp": 1665448449179
  },
  {
    "pId": "9d744509-6135-4360-a8a4-9d0f3f5acb28",
    "playType": "REB",
    "playerId": "AS",
    "timestamp": 1665448450178
  },
  {
    "pId": "5bcb041f-d436-454b-a09d-ce41d0ad878b",
    "playType": "TWPTMI",
    "playerId": "AB",
    "timestamp": 1665448454063
  },
  {
    "pId": "579465dc-6e96-4fae-bbdf-0129f2098fda",
    "playType": "OREB",
    "playerId": "HJ",
    "timestamp": 1665448455839
  },
  {
    "pId": "45658fdc-ab50-49a0-81aa-2ad0c109ec98",
    "playType": "TO",
    "playerId": "HJ",
    "timestamp": 1665448458038
  },
  {
    "pId": "31a22666-f4a8-4095-8cc5-ee0030cfb11f",
    "playType": "STL",
    "playerId": "SH",
    "timestamp": 1665448459733
  },
  {
    "pId": "8647d0e7-e894-4468-87eb-10ed8d6e8b77",
    "playType": "TO",
    "playerId": "SH",
    "timestamp": 1665448460606
  },
  {
    "pId": "079d5303-48eb-41f7-bc3f-d974da83e963",
    "playType": "TWPTS",
    "playerId": "JL",
    "timestamp": 1665448468983
  },
  {
    "pId": "2a942d7a-3384-416e-9338-d78faf5e8b2f",
    "playType": "AST",
    "playerId": "SL",
    "timestamp": 1665448470372
  },
  {
    "pId": "acb9e1db-969f-4a6d-b2a0-ce702fe406e7",
    "playType": "THPTS",
    "playerId": "AD",
    "timestamp": 1665448476524
  },
  {
    "pId": "97b8fefd-fcea-44bb-841d-95938c9d3bd1",
    "playType": "AST",
    "playerId": "E",
    "timestamp": 1665448477734
  },
  {
    "pId": "0310b1b1-f7ad-49dc-9838-69488d54ecaa",
    "playType": "TWPTMI",
    "playerId": "AB",
    "timestamp": 1665448483812
  },
  {
    "pId": "b8be12b0-5dc2-4b1e-9497-c5c20fa5b125",
    "playType": "REB",
    "playerId": "AD",
    "timestamp": 1665448486044
  },
  {
    "pId": "303d2438-044e-4c74-88d5-3e53f19d4b01",
    "playType": "TWPTS",
    "playerId": "AD",
    "timestamp": 1665448487812
  },
  {
    "pId": "3fc65a3f-74cc-4c78-8c9e-a14b7ad93151",
    "playType": "TWPTMI",
    "playerId": "JL",
    "timestamp": 1665448502267
  },
  {
    "pId": "835572de-2f9e-4ac8-9b9a-d494c682dff8",
    "playType": "REB",
    "playerId": "AD",
    "timestamp": 1665448503870
  },
  {
    "pId": "53339d9a-2334-46bf-88c7-2150d7fce11d",
    "playType": "TWPTMI",
    "playerId": "AD",
    "timestamp": 1665448518390
  },
  {
    "pId": "2879e9c8-8d62-4771-889c-e4cb1385cd8b",
    "playType": "AST",
    "playerId": "K",
    "timestamp": 1665448539972
  },
  {
    "pId": "20f7005a-db82-4276-a1d9-33bf1252a490",
    "playType": "TWPTS",
    "playerId": "SH",
    "timestamp": 1665448540860
  },
  {
    "pId": "92c28b73-62e1-42ea-9512-17d0da1c2669",
    "playType": "THPTS",
    "playerId": "AB",
    "timestamp": 1665448557784
  },
  {
    "pId": "f8caa869-4ef4-4ab2-b752-b70ec4c7e466",
    "playType": "OREB",
    "playerId": "HJ",
    "timestamp": 1665448564024
  },
  {
    "pId": "1285dbed-ac37-4c50-b69b-4b122cfdb16c",
    "playType": "THPTMI",
    "playerId": "Y",
    "timestamp": 1665448567677
  },
  {
    "pId": "f7f3cf0c-b160-415b-b2ea-63ca1cf55946",
    "playType": "REB",
    "playerId": "SH",
    "timestamp": 1665448568846
  },
  {
    "pId": "a53073e4-14fd-423a-96fb-df3fbfefe3a1",
    "playType": "STL",
    "playerId": "AB",
    "timestamp": 1665448578741
  },
  {
    "pId": "df71aafd-3c6f-496c-b6d3-b1c189ab044f",
    "playType": "TO",
    "playerId": "D",
    "timestamp": 1665448585408
  },
  {
    "pId": "568264db-65fc-4fc2-9148-5c16f6f8e245",
    "playType": "AST",
    "playerId": "HJ",
    "timestamp": 1665448595450
  },
  {
    "pId": "1a95a3a1-6275-4b07-9a16-6560465b5326",
    "playType": "THPTS",
    "playerId": "SL",
    "timestamp": 1665448596675
  },
  {
    "pId": "c18ba10f-e0ed-4487-9f1d-23d713452413",
    "playType": "THPTMI",
    "playerId": "AJ",
    "timestamp": 1665448604834
  },
  {
    "pId": "473cee74-5018-4caf-94bd-29cbe733d471",
    "playType": "REB",
    "playerId": "SL",
    "timestamp": 1665448605998
  },
  {
    "pId": "7973c362-a032-493f-b514-48e824119289",
    "playType": "THPTMI",
    "playerId": "SL",
    "timestamp": 1665448610428
  },
  {
    "pId": "2bc45356-16ab-4334-acc6-80e67efb66fb",
    "playType": "REB",
    "playerId": "AJ",
    "timestamp": 1665448613314
  },
  {
    "pId": "17d4afce-cf56-4dc5-b31e-b87d1be8d742",
    "playType": "TO",
    "playerId": "D",
    "timestamp": 1665448616178
  },
  {
    "pId": "00ffd6aa-4220-4009-9dfe-e3619de736d8",
    "playType": "TWPTS",
    "playerId": "JL",
    "timestamp": 1665448621739
  },
  {
    "pId": "3031bd49-66dd-4f12-acca-116f7b462502",
    "playType": "THPTS",
    "playerId": "AD",
    "timestamp": 1665448629495
  },
  {
    "pId": "0be5a1c9-88d2-4739-8168-249d39bd427d",
    "playType": "THPTMI",
    "playerId": "SL",
    "timestamp": 1665448638583
  },
  {
    "pId": "7c5e205a-8952-4c91-bb4c-226bdc32f8e2",
    "playType": "STL",
    "playerId": "AB",
    "timestamp": 1665448643899
  },
  {
    "pId": "9858e66c-f8a5-415a-9464-35c196c981fd",
    "playType": "TO",
    "playerId": "HJ",
    "timestamp": 1665448646131
  },
  {
    "pId": "e08c2734-868a-4a57-9b6f-6ec0244844f6",
    "playType": "TWPTMI",
    "playerId": "AB",
    "timestamp": 1665448648519
  },
  {
    "pId": "42af4b84-6d50-40a1-9663-dfb861fd9737",
    "playType": "OREB",
    "playerId": "SL",
    "timestamp": 1665448650170
  },
  {
    "pId": "e73a8286-e29a-4a3a-94bf-a7474225f5ba",
    "playType": "TWPTMI",
    "playerId": "SL",
    "timestamp": 1665448650897
  },
  {
    "pId": "2a0cdef7-5d91-42e9-b7d9-608730ff85e6",
    "playType": "REB",
    "playerId": "AJ",
    "timestamp": 1665448656876
  },
  {
    "pId": "b27d7296-580e-401b-8030-fb19b0b40020",
    "playType": "TWPTMI",
    "playerId": "K",
    "timestamp": 1665448659394
  },
  {
    "pId": "45ba94a3-d2c4-4c25-9e2e-46d3086985ac",
    "playType": "REB",
    "playerId": "JL",
    "timestamp": 1665448661019
  },
  {
    "pId": "9b7d38df-cd92-4476-a4ee-eece7189849a",
    "playType": "THPTMI",
    "playerId": "SL",
    "timestamp": 1665448666496
  },
  {
    "pId": "96c4a296-c99d-4158-b68e-88691d08398d",
    "playType": "REB",
    "playerId": "SH",
    "timestamp": 1665448667394
  },
  {
    "pId": "58d4df49-6c79-4aa0-a243-34c5c3e5cb16",
    "playType": "THPTMI",
    "playerId": "D",
    "timestamp": 1665448674181
  },
  {
    "pId": "00b945ac-d298-4073-a646-7bbf69b08545",
    "playType": "REB",
    "playerId": "HJ",
    "timestamp": 1665448675914
  },
  {
    "pId": "da7857bd-b0c7-4388-b64b-22dd294d6280",
    "playType": "TO",
    "playerId": "HJ",
    "timestamp": 1665448679980
  },
  {
    "pId": "1f6e6e0d-7f20-45ef-8dbd-ae3aa92341fb",
    "playType": "TWPTS",
    "playerId": "D",
    "timestamp": 1665448690356
  },
  {
    "pId": "1a406fb0-52c0-4c9f-8130-e28b3610f3a7",
    "playType": "THPTMI",
    "playerId": "Y",
    "timestamp": 1665448696022
  },
  {
    "pId": "a1fb81bd-8554-4513-a3f3-1325fea00969",
    "playType": "REB",
    "playerId": "J",
    "timestamp": 1665448697302
  },
  {
    "pId": "f725a884-0074-4d44-b6e0-b821925ca46c",
    "playType": "TO",
    "playerId": "J",
    "timestamp": 1665448699240
  },
  {
    "pId": "c6c287f6-8d28-41c9-b09a-40f3210959dc",
    "playType": "STL",
    "playerId": "HJ",
    "timestamp": 1665448700977
  },
  {
    "pId": "3a8a041f-3a7f-43a9-8cab-294a71c50612",
    "playType": "TWPTMI",
    "playerId": "JL",
    "timestamp": 1665448705437
  },
  {
    "pId": "33f138e2-f434-4f08-9935-f4e9d43dcc05",
    "playType": "OREB",
    "playerId": "JL",
    "timestamp": 1665448706593
  },
  {
    "pId": "277fb546-d8ab-42c3-b72e-262999b5d4e5",
    "playType": "TWPTS",
    "playerId": "JL",
    "timestamp": 1665448707437
  },
  {
    "pId": "c182bb93-4ab3-4315-bb0a-c981e44d7e17",
    "playType": "TWPTMI",
    "playerId": "J",
    "timestamp": 1665448714042
  },
  {
    "pId": "26697ed6-2862-4751-ac49-b8e5065da388",
    "playType": "OREB",
    "playerId": "J",
    "timestamp": 1665448714788
  },
  {
    "pId": "fe7f763c-9952-4314-80ca-d928e7f1d5f9",
    "playType": "TWPTMI",
    "playerId": "J",
    "timestamp": 1665448723735
  },
  {
    "pId": "4d802af7-b7f1-4954-806f-93e8a8bb3d9f",
    "playType": "REB",
    "playerId": "SL",
    "timestamp": 1665448724853
  },
  {
    "pId": "c5c2dfe9-a9dc-4791-a91b-bed9ff701324",
    "playType": "STL",
    "playerId": "D",
    "timestamp": 1665448733721
  },
  {
    "pId": "3afaf007-372f-4e6f-8a3e-e54ff7d94452",
    "playType": "TO",
    "playerId": "AB",
    "timestamp": 1665448735382
  },
  {
    "pId": "5ebb46ce-839d-466e-91d3-62aa89fe6f21",
    "playType": "TWPTMI",
    "playerId": "J",
    "timestamp": 1665448739672
  },
  {
    "pId": "c55686bf-b617-4858-930e-6d790b5cfaed",
    "playType": "REB",
    "playerId": "SL",
    "timestamp": 1665448741223
  },
  {
    "pId": "486c4492-8f60-428b-bfe1-f8873ff008fa",
    "playType": "TWPTMI",
    "playerId": "JL",
    "timestamp": 1665448748845
  },
  {
    "pId": "0ba063a5-ccca-4a8f-98f2-32f57f6a0114",
    "playType": "REB",
    "playerId": "AD",
    "timestamp": 1665448749794
  },
  {
    "pId": "ee6b2b7d-bcf2-4964-9e9c-12d6190d7bf8",
    "playType": "TO",
    "playerId": "K",
    "timestamp": 1665448752391
  },
  {
    "pId": "fee98947-5f9e-475d-87fb-9b83520144b9",
    "playType": "STL",
    "playerId": "JL",
    "timestamp": 1665448754057
  },
  {
    "pId": "b51cc839-37f5-497d-a246-ddb51f0413f4",
    "playType": "THPTMI",
    "playerId": "SL",
    "timestamp": 1665448758631
  },
  {
    "pId": "da8b442f-018c-490f-8a7b-e573f3c5800b",
    "playType": "OREB",
    "playerId": "JL",
    "timestamp": 1665448759805
  },
  {
    "pId": "2f501fce-6a91-4ce6-9948-8bebf14d6149",
    "playType": "THPTMI",
    "playerId": "Y",
    "timestamp": 1665448761199
  },
  {
    "pId": "a04b9922-9b07-465d-b68e-3faa453fa1ef",
    "playType": "OREB",
    "playerId": "SL",
    "timestamp": 1665448763396
  },
  {
    "pId": "6e85b81e-9b1a-4363-aaa2-69724cd85d12",
    "playType": "TWPTMI",
    "playerId": "JL",
    "timestamp": 1665448766829
  },
  {
    "pId": "37802288-0608-4921-b8d5-59098a4ab09c",
    "playType": "REB",
    "playerId": "AD",
    "timestamp": 1665448768800
  },
  {
    "pId": "40f7c26a-5dd7-4120-a198-126cfaa34768",
    "playType": "AST",
    "playerId": "AJ",
    "timestamp": 1665448774672
  },
  {
    "pId": "a6dcde59-2236-461f-bc27-03505f3735d5",
    "playType": "TWPTS",
    "playerId": "AD",
    "timestamp": 1665448775700
  },
  {
    "pId": "b23bce39-a3f5-49d6-92f3-eb46c01e467b",
    "playType": "TWPTS",
    "playerId": "AD",
    "timestamp": 1665448784061
  },
  {
    "pId": "2b9a4baa-6582-4be9-9337-6638f144fcca",
    "playType": "THPTMI",
    "playerId": "AJ",
    "timestamp": 1665448791535
  },
  {
    "pId": "12a92cdc-0462-428f-a1fa-a9a83c32e5a2",
    "playType": "REB",
    "playerId": "JL",
    "timestamp": 1665448792915
  },
  {
    "pId": "d5cc52ea-3e40-42c5-b4e5-bd32207a3ab0",
    "playType": "THPTMI",
    "playerId": "AB",
    "timestamp": 1665448798422
  },
  {
    "pId": "507e2e63-c859-4409-bb82-fa6c9efc8299",
    "playType": "OREB",
    "playerId": "Y",
    "timestamp": 1665448799837
  },
  {
    "pId": "6d31e1df-0e25-4e30-8405-6f7a41216f64",
    "playType": "TWPTMI",
    "playerId": "SL",
    "timestamp": 1665448808849
  },
  {
    "pId": "bd2ea8a9-338d-4a44-803e-fd54d8921b27",
    "playType": "REB",
    "playerId": "J",
    "timestamp": 1665448810352
  },
  {
    "pId": "728e02e7-50f4-4171-8f89-abde662fc48a",
    "playType": "THPTMI",
    "playerId": "K",
    "timestamp": 1665448814770
  },
  {
    "pId": "555c4ae7-23e5-4138-96d0-404d07117136",
    "playType": "REB",
    "playerId": "HJ",
    "timestamp": 1665448817454
  },
  {
    "pId": "097ba549-5856-44cb-8cd5-215b60f9ce33",
    "playType": "TWPTS",
    "playerId": "JL",
    "timestamp": 1665448821522
  },
  {
    "pId": "8fff26c2-b443-471c-a64a-377de3d36cea",
    "playType": "AST",
    "playerId": "Y",
    "timestamp": 1665448824080
  },
  {
    "pId": "2e9d254a-5911-47e3-8a13-f79a9be983e1",
    "playType": "THPTMI",
    "playerId": "AJ",
    "timestamp": 1665448835121
  },
  {
    "pId": "56987f32-2ff1-4e32-a1c4-e87a220ace21",
    "playType": "AST",
    "playerId": "AD",
    "timestamp": 1665448837083
  },
  {
    "pId": "c2fac49e-bdb2-42d3-8848-1826ef89b810",
    "playType": "THPTMI",
    "playerId": "SL",
    "timestamp": 1665448840487
  },
  {
    "pId": "b61f418f-dd30-4fca-9d63-8d683fc10c91",
    "playType": "REB",
    "playerId": "SH",
    "timestamp": 1665448841112
  },
  {
    "pId": "64f8b3ee-84ce-4fdb-8ea3-4f6214ccef89",
    "playType": "THPTMI",
    "playerId": "AJ",
    "timestamp": 1665448846169
  },
  {
    "pId": "b8f636ba-7831-4da2-ba31-baa1a2609fab",
    "playType": "REB",
    "playerId": "JL",
    "timestamp": 1665448847649
  },
  {
    "pId": "6ebad15e-4a92-4994-825a-54040386ecd7",
    "playType": "TO",
    "playerId": "AB",
    "timestamp": 1665448857277
  },
  {
    "pId": "c54354a9-6bc2-45b0-a7fa-cc5278e96f06",
    "playType": "STL",
    "playerId": "J",
    "timestamp": 1665448859327
  },
  {
    "pId": "455a2edb-72ba-4a63-9588-2e31b7c9e323",
    "playType": "TWPTS",
    "playerId": "E",
    "timestamp": 1665448864617
  },
  {
    "pId": "8ea7e5cc-36be-48c9-80a8-64d3f324afa7",
    "playType": "AST",
    "playerId": "AJ",
    "timestamp": 1665448874715
  },
  {
    "pId": "1aad0fb5-49b6-4863-a064-ccecdbec0b03",
    "playType": "TO",
    "playerId": "JL",
    "timestamp": 1665448883830
  },
  {
    "pId": "007dbe64-daac-48d4-ae9d-f11a4f693a05",
    "playType": "STL",
    "playerId": "SH",
    "timestamp": 1665448884914
  },
  {
    "pId": "12322b9c-311f-46d6-99ee-167930b12a22",
    "playType": "TWPTMI",
    "playerId": "J",
    "timestamp": 1665448888517
  },
  {
    "pId": "fb5931d2-93e0-4deb-86b3-b61c82b6b7b0",
    "playType": "REB",
    "playerId": "SL",
    "timestamp": 1665448889507
  },
  {
    "pId": "17363a27-41e4-43ca-b2be-be7243f87fcc",
    "playType": "TWPTMI",
    "playerId": "AB",
    "timestamp": 1665448899904
  },
  {
    "pId": "fc7efa60-75e3-427e-88f1-a43076551a7e",
    "playType": "TWPTMI",
    "playerId": "JL",
    "timestamp": 1665448903730
  },
  {
    "pId": "9ca5ce01-0d5a-4334-8bf7-b4c87f9e0d9f",
    "playType": "REB",
    "playerId": "AJ",
    "timestamp": 1665448904496
  },
  {
    "pId": "0d36ca48-73fb-4623-bd1c-aa769196d67d",
    "playType": "TO",
    "playerId": "AJ",
    "timestamp": 1665448911078
  },
  {
    "pId": "95f68128-c4d6-4967-b553-c9245208b3d0",
    "playType": "STL",
    "playerId": "JL",
    "timestamp": 1665448912744
  },
  {
    "pId": "1969fed6-5829-43d4-9aca-f4961feee52f",
    "playType": "AST",
    "playerId": "Y",
    "timestamp": 1665448917122
  },
  {
    "pId": "ea0218f6-c554-4e5f-aa37-f17ef455a2b3",
    "playType": "TWPTS",
    "playerId": "AB",
    "timestamp": 1665448919150
  },
  {
    "pId": "14e3c0bc-47b1-4149-b698-14a6ff754342",
    "playType": "TO",
    "playerId": "E",
    "timestamp": 1665448936321
  },
  {
    "pId": "feecd96d-66a7-4805-999e-6fc0ca95dcd6",
    "playType": "STL",
    "playerId": "Y",
    "timestamp": 1665448939545
  },
  {
    "pId": "35afbf69-1cd7-4298-8724-361de2556b2b",
    "playType": "TO",
    "playerId": "AB",
    "timestamp": 1665448943868
  },
  {
    "pId": "f4a6c0b2-5b15-4e1c-a0c0-31077d0b4df3",
    "playType": "TWPTMI",
    "playerId": "E",
    "timestamp": 1665448949660
  },
  {
    "pId": "aa1c107b-7e04-4b28-a7b3-fd5cec39b2b7",
    "playType": "OREB",
    "playerId": "SH",
    "timestamp": 1665448950960
  },
  {
    "pId": "9ea9dc84-fae7-4c2e-a68f-93da3010b6f0",
    "playType": "THPTMI",
    "playerId": "AD",
    "timestamp": 1665448952183
  },
  {
    "pId": "72018528-8712-4eca-873f-1e0532daf938",
    "playType": "REB",
    "playerId": "SL",
    "timestamp": 1665448953111
  },
  {
    "pId": "c78aa26b-13b0-4aeb-b173-39f5e7401957",
    "playType": "TWPTMI",
    "playerId": "AB",
    "timestamp": 1665448957289
  },
  {
    "pId": "e262c7f9-92e9-49b2-b584-e5a6ca68c9be",
    "playType": "OREB",
    "playerId": "AB",
    "timestamp": 1665448958096
  },
  {
    "pId": "d333e043-7c6e-4b06-be4a-2a3da6f25449",
    "playType": "TWPTS",
    "playerId": "AB",
    "timestamp": 1665448958700
  },
  {
    "pId": "8d0edf75-24ba-4e9c-b763-660f30d6369d",
    "playType": "TWPTMI",
    "playerId": "J",
    "timestamp": 1665448971644
  },
  {
    "pId": "26fa7f1f-369a-4d2b-882c-26f61314ffdb",
    "playType": "REB",
    "playerId": "AB",
    "timestamp": 1665448973340
  },
  {
    "pId": "5b56b904-2166-4703-96e7-0d708a5d0093",
    "playType": "THPTS",
    "playerId": "AB",
    "timestamp": 1665448974724
  },
  {
    "pId": "3c010c19-d803-47d8-8803-daef951c45de",
    "playType": "THPTMI",
    "playerId": "AD",
    "timestamp": 1665448978523
  },
  {
    "pId": "80668191-7dd0-45b8-a509-a46c188e66d3",
    "playType": "OREB",
    "playerId": "SH",
    "timestamp": 1665448979458
  },
  {
    "pId": "557f2cb9-04ef-4974-8fe9-ada612ddfa5f",
    "playType": "TO",
    "playerId": "AD",
    "timestamp": 1665448983311
  },
  {
    "pId": "3b2b0633-7eb2-4d88-b617-e147b0189518",
    "playType": "TO",
    "playerId": "HJ",
    "timestamp": 1665448987344
  },
  {
    "pId": "4fbc0a00-7460-4dbd-8965-24273f5b63c5",
    "playType": "AST",
    "playerId": "E",
    "timestamp": 1665448991538
  },
  {
    "pId": "d911896e-81b6-42e6-8e83-f8d152c17ee7",
    "playType": "TWPTS",
    "playerId": "SH",
    "timestamp": 1665448992920
  },
  {
    "pId": "7f9fdf3f-61b2-4912-adc2-4d991080d667",
    "playType": "TO",
    "playerId": "Y",
    "timestamp": 1665449000686
  },
  {
    "pId": "c193beb5-fa3b-46e7-883f-029505fd75ac",
    "playType": "STL",
    "playerId": "SH",
    "timestamp": 1665449002442
  },
  {
    "pId": "3f7342ac-67c8-41a3-a1e4-dfca70f2b2bb",
    "playType": "TWPTMI",
    "playerId": "AJ",
    "timestamp": 1665449004250
  },
  {
    "pId": "970e2a40-712f-47ad-8167-d0f60fe565cc",
    "playType": "OREB",
    "playerId": "AD",
    "timestamp": 1665449005379
  },
  {
    "pId": "cf733dca-69a9-495b-861f-a43c3ddf396a",
    "playType": "TWPTMI",
    "playerId": "J",
    "timestamp": 1665449008735
  },
  {
    "pId": "17965030-5b5a-427e-8473-295928d300df",
    "playType": "REB",
    "playerId": "AB",
    "timestamp": 1665449011007
  },
  {
    "pId": "568baeaa-caf1-4b06-9ffb-66f4bee02708",
    "playType": "THPTS",
    "playerId": "AD",
    "timestamp": 1665449032978
  },
  {
    "pId": "68f34309-c6c2-4e5d-922f-e0fe6a3b5ae3",
    "playType": "THPTMI",
    "playerId": "SL",
    "timestamp": 1665449040211
  },
  {
    "pId": "e99f7839-3500-4f4a-a655-834b3b973dae",
    "playType": "REB",
    "playerId": "AJ",
    "timestamp": 1665449042277
  },
  {
    "pId": "f57f408d-5fa9-449a-adee-7e2eca9006d4",
    "playType": "THPTMI",
    "playerId": "K",
    "timestamp": 1665449043960
  },
  {
    "pId": "ddf1fc2f-2be4-4e0d-b55d-89e4344cbfd7",
    "playType": "OREB",
    "playerId": "AJ",
    "timestamp": 1665449044973
  },
  {
    "pId": "2ac5480a-16cd-42ef-be53-b05922f3e9f1",
    "playType": "THPTS",
    "playerId": "AJ",
    "timestamp": 1665449048564
  },
  {
    "pId": "ea829f8c-a793-4a5f-a6e8-7c21cbbdb2fd",
    "playType": "AST",
    "playerId": "K",
    "timestamp": 1665449049415
  },
  {
    "pId": "f29e172f-c6fc-4650-b2da-a0ca88944b69",
    "playType": "TWPTMI",
    "playerId": "Y",
    "timestamp": 1665449060199
  },
  {
    "pId": "36705298-6602-43aa-b0e5-60a5a7f22cce",
    "playType": "REB",
    "playerId": "D",
    "timestamp": 1665449061331
  },
  {
    "pId": "20526213-9d51-4911-afe8-21719cfe334d",
    "playType": "TWPTMI",
    "playerId": "D",
    "timestamp": 1665449062868
  },
  {
    "pId": "b7c170a3-ef58-468c-a093-289ecea67299",
    "playType": "REB",
    "playerId": "ST",
    "timestamp": 1665449064835
  },
  {
    "pId": "a42abcd9-4369-45a0-abe4-3294665b9f10",
    "playType": "TWPTS",
    "playerId": "AB",
    "timestamp": 1665449066614
  },
  {
    "pId": "24f5eb7b-6b81-41fe-85e6-1bef8af43b3c",
    "playType": "THPTS",
    "playerId": "AD",
    "timestamp": 1665449074407
  },
  {
    "pId": "8d00fed0-bdb0-4981-9682-7c5ac78df5d4",
    "playType": "AST",
    "playerId": "E",
    "timestamp": 1665449075235
  },
  {
    "pId": "935b6bca-0f58-4815-88a2-bedd138885c4",
    "playType": "THPTMI",
    "playerId": "SL",
    "timestamp": 1665449081880
  },
  {
    "pId": "2c1df620-e7ba-415b-9ba8-e9cdd07c6786",
    "playType": "REB",
    "playerId": "E",
    "timestamp": 1665449082843
  },
  {
    "pId": "8e59a251-ad87-4f6d-a206-56ac8f9b6e79",
    "playType": "AST",
    "playerId": "AJ",
    "timestamp": 1665449086829
  },
  {
    "pId": "64fb816b-dec9-497d-8c95-5005711e1185",
    "playType": "TWPTS",
    "playerId": "K",
    "timestamp": 1665449090643
  },
  {
    "pId": "e6645b22-7899-4a9d-8548-13a2407e8fea",
    "playType": "TWPTS",
    "playerId": "AB",
    "timestamp": 1665449096581
  },
  {
    "pId": "1cdf1932-757b-44a7-bf28-bf195a2542fb",
    "playType": "THPTS",
    "playerId": "AD",
    "timestamp": 1665449104690
  },
  {
    "pId": "7a91e49b-9aea-4c5d-a1b5-176d4a08f5ae",
    "playType": "AST",
    "playerId": "AJ",
    "timestamp": 1665449105827
  },
  {
    "pId": "efdca91f-7475-4862-927d-d2dc02c5664d",
    "playType": "TWPTMI",
    "playerId": "AS",
    "timestamp": 1665449123770
  },
  {
    "pId": "9a33ca04-6750-4ca6-9a45-693f51069db9",
    "playType": "REB",
    "playerId": "E",
    "timestamp": 1665449125519
  },
  {
    "pId": "b6c9966a-0b4a-4696-bb5d-2278c1c0fc2c",
    "playType": "TWPTS",
    "playerId": "D",
    "timestamp": 1665449141491
  },
  {
    "pId": "0d4154bc-ccd0-4adb-b7ae-f555f868f136",
    "playType": "TWPTMI",
    "playerId": "Y",
    "timestamp": 1665449147712
  },
  {
    "pId": "02baa161-6f40-4269-a11a-47bb38d68f1c",
    "playType": "OREB",
    "playerId": "ST",
    "timestamp": 1665449149249
  },
  {
    "pId": "1408093c-7873-41d2-aa19-0e2571e59cc6",
    "playType": "THPTMI",
    "playerId": "Y",
    "timestamp": 1665449151908
  },
  {
    "pId": "abc39edf-7921-46b3-ad6c-dab855bf3bd1",
    "playType": "OREB",
    "playerId": "SL",
    "timestamp": 1665449153046
  },
  {
    "pId": "5233fde9-4f46-447e-a683-e42379027003",
    "playType": "TWPTS",
    "playerId": "SL",
    "timestamp": 1665449153906
  },
  {
    "pId": "ddd19b7c-013b-4d33-ba9b-d6488b98ca4a",
    "playType": "TWPTMI",
    "playerId": "K",
    "timestamp": 1665449163736
  },
  {
    "pId": "dcd7e71f-ad5d-4fd5-9427-12d9ada34af4",
    "playType": "REB",
    "playerId": "ST",
    "timestamp": 1665449165239
  },
  {
    "pId": "f4de8f91-dd8f-47d0-b672-6eed14895166",
    "playType": "TO",
    "playerId": "ST",
    "timestamp": 1665449166328
  },
  {
    "pId": "7ddaf904-f634-4d68-a965-0c7d9c9dc9d6",
    "playType": "STL",
    "playerId": "D",
    "timestamp": 1665449183524
  },
  {
    "pId": "e2ded46c-ea51-487d-9306-c68289f705dc",
    "playType": "THPTMI",
    "playerId": "AJ",
    "timestamp": 1665449188563
  },
  {
    "pId": "a829bf16-554a-4e95-95d2-5e2f0a135e42",
    "playType": "REB",
    "playerId": "AS",
    "timestamp": 1665449190429
  },
  {
    "pId": "44843372-85a4-4be4-be1b-f58248775168",
    "playType": "AST",
    "playerId": "ST",
    "timestamp": 1665449193055
  },
  {
    "pId": "e0e26dbe-f735-4ed6-855d-b4982c4893a9",
    "playType": "TWPTS",
    "playerId": "SL",
    "timestamp": 1665449195231
  },
  {
    "pId": "54d865a5-9995-4c96-aa9b-7cbf66a2a989",
    "playType": "TWPTMI",
    "playerId": "D",
    "timestamp": 1665449203740
  },
  {
    "pId": "f65e1771-7cd9-4bf3-a834-7c8400b20ee7",
    "playType": "THPTMI",
    "playerId": "SL",
    "timestamp": 1665449213345
  },
  {
    "pId": "cdd89571-0e34-40d7-b45c-ed0f51150529",
    "playType": "REB",
    "playerId": "E",
    "timestamp": 1665449213994
  },
  {
    "pId": "fcaf771a-474f-4894-a3a1-bba92221470a",
    "playType": "THPTMI",
    "playerId": "AJ",
    "timestamp": 1665449217032
  },
  {
    "pId": "22f8de66-fbb8-4501-b121-4ce37bc0a0b3",
    "playType": "REB",
    "playerId": "SL",
    "timestamp": 1665449218351
  },
  {
    "pId": "0044d0c9-9332-445c-a558-a79dc0540f7d",
    "playType": "THPTMI",
    "playerId": "AB",
    "timestamp": 1665449229373
  },
  {
    "pId": "2168273f-a2b9-41e1-80b7-7612f1bd0d48",
    "playType": "OREB",
    "playerId": "AS",
    "timestamp": 1665449230366
  },
  {
    "pId": "dda53e55-8889-4b97-b1d5-b8b42ae10d60",
    "playType": "AST",
    "playerId": "AS",
    "timestamp": 1665449231175
  },
  {
    "pId": "192ff53c-a731-4689-9e38-73bf3c0d4883",
    "playType": "TWPTS",
    "playerId": "SL",
    "timestamp": 1665449232140
  },
  {
    "pId": "6f44435b-e69c-4886-aea8-c0881b4cbbb8",
    "playType": "AST",
    "playerId": "E",
    "timestamp": 1665449249316
  },
  {
    "pId": "3e49d9be-d122-4a2e-93a2-2437fb63473f",
    "playType": "TWPTS",
    "playerId": "D",
    "timestamp": 1665449250062
  },
  {
    "pId": "0b8e7180-a4df-44f5-91da-0c74ded10a67",
    "playType": "THPTS",
    "playerId": "AB",
    "timestamp": 1665449255331
  },
  {
    "pId": "ce6f40ef-50c5-4b4e-9106-8410871a9a27",
    "playType": "TWPTMI",
    "playerId": "D",
    "timestamp": 1665449265851
  },
  {
    "pId": "f70a986a-5e38-41b3-92f5-cf459c4c2630",
    "playType": "REB",
    "playerId": "AB",
    "timestamp": 1665449266486
  },
  {
    "pId": "edb5b61a-1b6f-42d4-ad0f-40a431dd2fd3",
    "playType": "TO",
    "playerId": "AB",
    "timestamp": 1665449268838
  },
  {
    "pId": "0c872f9d-2cad-4a71-b4f4-63e8f0eb3dae",
    "playType": "STL",
    "playerId": "E",
    "timestamp": 1665449269366
  },
  {
    "pId": "942adc2b-deaa-4c66-bbd1-2ee201eb34b7",
    "playType": "TWPTMI",
    "playerId": "D",
    "timestamp": 1665449274210
  },
  {
    "pId": "b8e13942-f5b7-4643-a432-3da733bc2671",
    "playType": "REB",
    "playerId": "AS",
    "timestamp": 1665449276979
  },
  {
    "pId": "d23a3262-8d96-48f9-a419-70b562e29dfd",
    "playType": "TWPTMI",
    "playerId": "AB",
    "timestamp": 1665449280909
  },
  {
    "pId": "4ba98a33-4a6a-4929-88b5-c414b7f91c60",
    "playType": "OREB",
    "playerId": "ST",
    "timestamp": 1665449281795
  },
  {
    "pId": "42575b90-7c74-4a2f-a461-0697fc013357",
    "playType": "TWPTMI",
    "playerId": "ST",
    "timestamp": 1665449283578
  },
  {
    "pId": "b3db5f25-fe67-4ef2-95f1-476d34d851b9",
    "playType": "OREB",
    "playerId": "ST",
    "timestamp": 1665449284532
  },
  {
    "pId": "88fa0c9f-058c-4ec6-a82b-3d45bf666b1c",
    "playType": "TWPTS",
    "playerId": "SL",
    "timestamp": 1665449287731
  },
  {
    "pId": "300b8b2d-9b3f-46cb-950e-987fa79ee082",
    "playType": "THPTMI",
    "playerId": "K",
    "timestamp": 1665449320271
  },
  {
    "pId": "0cb6e89b-5cd8-40de-97f9-707bf66940bf",
    "playType": "REB",
    "playerId": "SL",
    "timestamp": 1665449321476
  },
  {
    "pId": "25f5578f-f45e-4a97-b539-d475251965a3",
    "playType": "AST",
    "playerId": "ST",
    "timestamp": 1665449324823
  },
  {
    "pId": "6fec22cb-535e-436f-a3ea-424f539b58d6",
    "playType": "TWPTS",
    "playerId": "Y",
    "timestamp": 1665449328131
  },
  {
    "pId": "b4b93437-9d33-41c1-9b7e-6981bfa14596",
    "playType": "THPTMI",
    "playerId": "AJ",
    "timestamp": 1665449338870
  },
  {
    "pId": "f05258cf-fbaa-4464-881b-639a8b9696dc",
    "playType": "REB",
    "playerId": "AB",
    "timestamp": 1665449339913
  },
  {
    "pId": "80739410-0e39-4409-8f3b-ea7496f2d6bf",
    "playType": "TO",
    "playerId": "AB",
    "timestamp": 1665449341455
  },
  {
    "pId": "33f9d25a-edc1-4e4f-bd75-27934d6918a4",
    "playType": "STL",
    "playerId": "AD",
    "timestamp": 1665449342367
  },
  {
    "pId": "6c49574e-f512-497a-b1cb-9446da697583",
    "playType": "THPTMI",
    "playerId": "AD",
    "timestamp": 1665449343250
  },
  {
    "pId": "46c6582b-4ddd-4ce4-b0c9-540679a3f0c5",
    "playType": "OREB",
    "playerId": "D",
    "timestamp": 1665449344020
  },
  {
    "pId": "ecce3484-f7ef-4bff-907e-14ea0846569e",
    "playType": "TWPTS",
    "playerId": "D",
    "timestamp": 1665449349417
  },
  {
    "pId": "0bedfa3c-97bb-4e2d-912a-660f01adbeea",
    "playType": "TWPTMI",
    "playerId": "SL",
    "timestamp": 1665449361049
  },
  {
    "pId": "f5467c6e-15d3-4706-ad7f-8c417804b2e3",
    "playType": "REB",
    "playerId": "AJ",
    "timestamp": 1665449361861
  },
  {
    "pId": "829c543d-b1f2-4209-aa0a-317f7865b5df",
    "playType": "TWPTS",
    "playerId": "AJ",
    "timestamp": 1665449363293
  },
  {
    "pId": "5169bb8b-8fe0-483e-99db-e841af1d12c9",
    "playType": "THPTMI",
    "playerId": "SL",
    "timestamp": 1665449371605
  },
  {
    "pId": "d3f53b9a-e0b4-4d19-9538-d21e2a6bbd10",
    "playType": "THPTMI",
    "playerId": "E",
    "timestamp": 1665449382829
  },
  {
    "pId": "c143d289-a3b8-48f8-9d44-9e121c820b31",
    "playType": "REB",
    "playerId": "AS",
    "timestamp": 1665449384499
  },
  {
    "pId": "fad049a1-9efe-4623-bb21-a4e7cf35ec13",
    "playType": "THPTMI",
    "playerId": "ST",
    "timestamp": 1665449388134
  },
  {
    "pId": "fa80fbee-778d-4255-820d-dba5cee9d75b",
    "playType": "REB",
    "playerId": "K",
    "timestamp": 1665449389805
  },
  {
    "pId": "6557bc66-c93b-4442-aa96-21883077d03d",
    "playType": "TWPTS",
    "playerId": "AJ",
    "timestamp": 1665449396268
  },
  {
    "pId": "25e69ddc-4df0-4207-8e3b-a57b0ec7d000",
    "playType": "TWPTMI",
    "playerId": "AB",
    "timestamp": 1665449405324
  },
  {
    "pId": "7ae067ac-cd39-4ca1-94e6-cf0806a7bf65",
    "playType": "OREB",
    "playerId": "AB",
    "timestamp": 1665449406228
  },
  {
    "pId": "61a39682-92d6-4099-b4af-8455407765c9",
    "playType": "AST",
    "playerId": "AB",
    "timestamp": 1665449408692
  },
  {
    "pId": "e473002f-1e77-4135-a9d3-979874738b93",
    "playType": "TWPTS",
    "playerId": "AS",
    "timestamp": 1665449410788
  },
  {
    "pId": "b8c78832-b1a9-42ce-9eb7-3224ab265d4a",
    "playType": "TWPTMI",
    "playerId": "K",
    "timestamp": 1665449417027
  },
  {
    "pId": "c5c8030a-f7ab-4625-aa51-6140b455ca9e",
    "playType": "REB",
    "playerId": "AB",
    "timestamp": 1665449418274
  },
  {
    "pId": "45734bc4-bd2f-4d7a-8956-3947f3593e85",
    "playType": "THPTMI",
    "playerId": "SL",
    "timestamp": 1665449443195
  },
  {
    "pId": "de171a67-9a36-4692-a0dc-9cfd32076e18",
    "playType": "REB",
    "playerId": "AJ",
    "timestamp": 1665449443939
  },
  {
    "pId": "cb2ae0f7-bb6b-453b-b860-67106480aac6",
    "playType": "THPTMI",
    "playerId": "D",
    "timestamp": 1665449450825
  },
  {
    "pId": "b523d34e-8a02-4831-9109-664f710ec62f",
    "playType": "REB",
    "playerId": "Y",
    "timestamp": 1665449452277
  },
  {
    "pId": "676b7ea1-8b1c-484b-8b85-7ee3b8cea9fe",
    "playType": "THPTMI",
    "playerId": "AB",
    "timestamp": 1665449462262
  },
  {
    "pId": "1b3ca2ef-d069-4dee-b202-03a25a7cfd5f",
    "playType": "OREB",
    "playerId": "AS",
    "timestamp": 1665449464478
  },
  {
    "pId": "bd9db89b-0acb-4dbd-b3bd-a8b8ba178e11",
    "playType": "TWPTMI",
    "playerId": "AS",
    "timestamp": 1665449467635
  },
  {
    "pId": "dd68c7d4-c079-4606-9870-c6b56bb7bb87",
    "playType": "OREB",
    "playerId": "AS",
    "timestamp": 1665449468289
  },
  {
    "pId": "b6284a43-2420-4497-877a-7ba1aacc1d7e",
    "playType": "TWPTMI",
    "playerId": "AS",
    "timestamp": 1665449470210
  },
  {
    "pId": "8fcebc50-61de-4e1a-82d9-b874ff08ec60",
    "playType": "OREB",
    "playerId": "SL",
    "timestamp": 1665449471214
  },
  {
    "pId": "75621ffe-d7c6-48ba-a7d0-de466aad5d34",
    "playType": "TWPTMI",
    "playerId": "SL",
    "timestamp": 1665449474037
  },
  {
    "pId": "d255599e-3779-4ec4-a344-4dfe3230c679",
    "playType": "REB",
    "playerId": "D",
    "timestamp": 1665449474860
  },
  {
    "pId": "3ff3534d-b618-4e35-b839-4aad80f622e3",
    "playType": "TWPTS",
    "playerId": "D",
    "timestamp": 1665449478392
  },
  {
    "pId": "6ddad2da-1bb9-4721-90a8-79d2cdfab628",
    "playType": "THPTS",
    "playerId": "SL",
    "timestamp": 1665449494319
  },
  {
    "pId": "1714cbca-677b-4f6e-9526-03393dab38b9",
    "playType": "AST",
    "playerId": "AB",
    "timestamp": 1665449495234
  },
  {
    "pId": "e95f51db-4b66-4fa5-aac0-fac7e2cdab18",
    "playType": "TWPTMI",
    "playerId": "D",
    "timestamp": 1665449502581
  },
  {
    "pId": "6548f55d-3764-4298-a4f2-8893a934e09d",
    "playType": "TWPTMI",
    "playerId": "SL",
    "timestamp": 1665449506079
  },
  {
    "pId": "baf85837-2f2a-466e-a729-38fac01b25c8",
    "playType": "REB",
    "playerId": "AD",
    "timestamp": 1665449507165
  },
  {
    "pId": "4447402b-4dd9-48ec-bf90-600222b7fe2f",
    "playType": "AST",
    "playerId": "AD",
    "timestamp": 1665449513808
  },
  {
    "pId": "acddc150-d435-4f25-9639-2b4d30f25a7d",
    "playType": "TWPTS",
    "playerId": "D",
    "timestamp": 1665449514521
  },
  {
    "pId": "1c96a5d4-617a-4cfa-8a16-57700c89519a",
    "playType": "TWPTMI",
    "playerId": "SL",
    "timestamp": 1665449526820
  },
  {
    "pId": "60722316-3b77-481d-8ff7-211d341b883d",
    "playType": "REB",
    "playerId": "AD",
    "timestamp": 1665449528155
  },
  {
    "pId": "6511747a-3b2c-4ee7-bd95-2b5c454faef7",
    "playType": "AST",
    "playerId": "AD",
    "timestamp": 1665449531363
  },
  {
    "pId": "33071713-7472-443e-9216-7e359c48c607",
    "playType": "TWPTS",
    "playerId": "D",
    "timestamp": 1665449532053
  },
  {
    "pId": "11cbcae1-278a-4485-ab09-03b9929cea68",
    "playType": "THPTS",
    "playerId": "SL",
    "timestamp": 1665449542822
  },
  {
    "pId": "5e8f8ada-7e11-45cb-8686-c903f9c0328e",
    "playType": "AST",
    "playerId": "HJ",
    "timestamp": 1665449543667
  },
  {
    "pId": "da474ae8-06fd-4a00-a2c6-e83841156023",
    "playType": "AST",
    "playerId": "AJ",
    "timestamp": 1665449548025
  },
  {
    "pId": "8a902f8d-f47d-4775-a510-6c960595f3db",
    "playType": "TWPTS",
    "playerId": "D",
    "timestamp": 1665449548630
  },
  {
    "pId": "1c18b50c-5ce7-451f-90ad-e8170828b391",
    "playType": "THPTS",
    "playerId": "SL",
    "timestamp": 1665449557060
  },
  {
    "pId": "c13a0aad-302c-42ba-b2cc-1d7c1cf962ad",
    "playType": "TO",
    "playerId": "J",
    "timestamp": 1665449569622
  },
  {
    "pId": "52e2af36-9c28-4ca5-90bb-978160e9d796",
    "playType": "STL",
    "playerId": "AS",
    "timestamp": 1665449571143
  },
  {
    "pId": "e0109429-8210-460b-af35-b9605205cbc8",
    "playType": "TO",
    "playerId": "AB",
    "timestamp": 1665449573099
  },
  {
    "pId": "e717ddb5-1325-4df4-b9a8-28e499e86df1",
    "playType": "STL",
    "playerId": "AJ",
    "timestamp": 1665449576128
  },
  {
    "pId": "d4f22320-fa29-4da9-b886-8e50d575672f",
    "playType": "TO",
    "playerId": "E",
    "timestamp": 1665449586158
  },
  {
    "pId": "0ccdd14a-2dce-4e25-97a2-8d4a1aa85967",
    "playType": "STL",
    "playerId": "HJ",
    "timestamp": 1665449587300
  },
  {
    "pId": "f9613ac9-749e-4d82-a5b9-2b897f3aaff2",
    "playType": "TO",
    "playerId": "AS",
    "timestamp": 1665449590197
  },
  {
    "pId": "7c79a83d-aab4-4d62-ab77-ed02b44eb643",
    "playType": "THPTMI",
    "playerId": "K",
    "timestamp": 1665449602002
  },
  {
    "pId": "383b027e-d671-40a3-93fa-a9ec2ae3bf3b",
    "playType": "OREB",
    "playerId": "K",
    "timestamp": 1665449603000
  },
  {
    "pId": "656dda20-77c5-482f-812b-078cad6cb7ec",
    "playType": "TO",
    "playerId": "AJ",
    "timestamp": 1665449609373
  },
  {
    "pId": "fae9312b-6b93-4ba6-87f2-ae3c48f64779",
    "playType": "STL",
    "playerId": "HJ",
    "timestamp": 1665449610597
  },
  {
    "pId": "650a8d64-6bfd-4e30-ae49-855ff9fb8447",
    "playType": "AST",
    "playerId": "HJ",
    "timestamp": 1665449613105
  },
  {
    "pId": "e3b7cd7b-81b2-4b9d-a777-35b507213d87",
    "playType": "THPTS",
    "playerId": "Y",
    "timestamp": 1665449613919
  },
  {
    "pId": "2babc7bb-8d34-4e8e-b9dd-badc48b7532b",
    "playType": "THPTMI",
    "playerId": "E",
    "timestamp": 1665449624235
  },
  {
    "pId": "dc4c5275-0cce-4d60-99a7-53222180c532",
    "playType": "REB",
    "playerId": "AB",
    "timestamp": 1665449625591
  },
  {
    "pId": "9e070bc7-94bd-4e18-8351-630181b45b22",
    "playType": "TWPTMI",
    "playerId": "AB",
    "timestamp": 1665449629202
  },
  {
    "pId": "0e18102a-85bb-4951-ab7c-9802ec3dfca0",
    "playType": "OREB",
    "playerId": "SL",
    "timestamp": 1665449630886
  },
  {
    "pId": "922c3960-5ced-4ae4-9933-5a4ce31d7664",
    "playType": "THPTMI",
    "playerId": "AS",
    "timestamp": 1665449634783
  },
  {
    "pId": "9681dee8-1efe-44e5-9fed-23b39dbef919",
    "playType": "THPTS",
    "playerId": "SL",
    "timestamp": 1665449645016
  },
  {
    "pId": "27ff0b7a-3aab-4d90-9761-815f696ae29c",
    "playType": "TWPTMI",
    "playerId": "J",
    "timestamp": 1665449668580
  },
  {
    "pId": "215e4151-3faf-4e75-af0c-8a94082b1de7",
    "playType": "REB",
    "playerId": "SL",
    "timestamp": 1665449669419
  },
  {
    "pId": "efb03b3b-fd21-4046-85ce-1ab549d92173",
    "playType": "TWPTMI",
    "playerId": "SL",
    "timestamp": 1665449678636
  },
  {
    "pId": "6fe9bcc7-15e2-4adc-a93f-ed974b6b2805",
    "playType": "REB",
    "playerId": "AJ",
    "timestamp": 1665449679328
  },
  {
    "pId": "f7b8218f-73e6-4317-877e-26954ba232db",
    "playType": "TWPTMI",
    "playerId": "D",
    "timestamp": 1665449696303
  },
  {
    "pId": "f094e8d5-ec6c-4729-b71e-80216959c922",
    "playType": "OREB",
    "playerId": "D",
    "timestamp": 1665449697622
  },
  {
    "pId": "b5fb1008-d4f1-47fe-b67c-674720f8fdfb",
    "playType": "TWPTS",
    "playerId": "D",
    "timestamp": 1665449700076
  },
  {
    "pId": "d0390173-e5ee-495d-8437-b4f75cb9e320",
    "playType": "TWPTMI",
    "playerId": "AB",
    "timestamp": 1665449716387
  },
  {
    "pId": "d7cdae51-7d5e-44a1-ac9b-a6a006182587",
    "playType": "REB",
    "playerId": "J",
    "timestamp": 1665449718428
  },
  {
    "pId": "a93ca6bc-36fe-4eb2-8004-fe120f2c5485",
    "playType": "TWPTS",
    "playerId": "AJ",
    "timestamp": 1665449731454
  },
  {
    "pId": "508e3486-91c2-49c7-8eee-8214f2b5560e",
    "playType": "TWPTS",
    "playerId": "AB",
    "timestamp": 1665449737033
  },
  {
    "pId": "34f3bf8a-6121-45df-895c-a52f21422f54",
    "playType": "TWPTMI",
    "playerId": "K",
    "timestamp": 1665449747272
  },
  {
    "pId": "033b793c-8f27-49a8-9ec3-e1054d78391f",
    "playType": "REB",
    "playerId": "SL",
    "timestamp": 1665449748151
  },
  {
    "pId": "21bdd27a-9e57-4d1c-8b64-296b8bb88416",
    "playType": "TWPTS",
    "playerId": "SL",
    "timestamp": 1665449761903
  }
]