{
  "id": "7b5fe5c5-3bb2-46ae-9c4b-e73db849618e",
  "name": "10.23 - Team 1 vs Team 3",
  "description": "Missed free throws late cost Team 3 a winnable game",
  "home": {
    "name": "home",
    "players": [
      {
        "player": "Paul",
        "shorthand": "P"
      },
      {
        "player": "Ted",
        "shorthand": "T"
      },
      {
        "player": "Sam N",
        "shorthand": "SN"
      },
      {
        "player": "Changhee",
        "shorthand": "CH"
      },
      {
        "player": "Jordan",
        "shorthand": "JK"
      },
      {
        "player": "Hyunseo",
        "shorthand": "HS"
      },
      {
        "player": "Ram",
        "shorthand": "R"
      }
    ]
  },
  "away": {
    "name": "away",
    "players": [
      {
        "player": "Adam",
        "shorthand": "AD"
      },
      {
        "player": "Kam",
        "shorthand": "K"
      },
      {
        "player": "Andrew J",
        "shorthand": "AJ"
      },
      {
        "player": "Sunghoon",
        "shorthand": "SH"
      },
      {
        "player": "Caleb",
        "shorthand": "CC"
      },
      {
        "player": "Sam L (g)",
        "shorthand": "SL"
      },
      {
        "player": "Pablo",
        "shorthand": "PB"
      }
    ]
  },
  "players": []
}