[
  {
    "pId": "a1bfb467-b912-40a8-b906-72c792cf4880",
    "playType": "THPTMI",
    "playerId": "P",
    "timestamp": 1666628481948
  },
  {
    "pId": "03b31f02-6d2e-48f7-8946-4f282e7a4840",
    "playType": "REB",
    "playerId": "AD",
    "timestamp": 1666628483807
  },
  {
    "pId": "a9942859-70d9-4892-968d-7769fbfc7902",
    "playType": "STL",
    "playerId": "SN",
    "timestamp": 1666628489582
  },
  {
    "pId": "f2a1109e-a6a7-467d-af97-feaa8abbe8a0",
    "playType": "TO",
    "playerId": "K",
    "timestamp": 1666628492949
  },
  {
    "pId": "3320fde9-4ed7-4515-bcf5-e9e53dd613f4",
    "playType": "FL",
    "playerId": "AJ",
    "timestamp": 1666628506294
  },
  {
    "pId": "a59c34da-cb8b-4fcd-b893-eae6890185d1",
    "playType": "TWPTS",
    "playerId": "T",
    "timestamp": 1666628508044
  },
  {
    "pId": "f49cf494-e4f4-4205-ae0b-34e5a41c81e2",
    "playType": "AST",
    "playerId": "AD",
    "timestamp": 1666628519398
  },
  {
    "pId": "ed984c0f-df64-49a4-82c3-43439e3614e4",
    "playType": "TWPTS",
    "playerId": "SH",
    "timestamp": 1666628520455
  },
  {
    "pId": "a71092a1-d544-4294-a54d-de6c75923bd4",
    "playType": "THPTMI",
    "playerId": "CH",
    "timestamp": 1666628529982
  },
  {
    "pId": "ec662f9e-14d3-486f-80ef-d8912cac5589",
    "playType": "REB",
    "playerId": "AD",
    "timestamp": 1666628530701
  },
  {
    "pId": "e492717c-39f0-4e5d-8bc5-b9a74e49f20c",
    "playType": "THPTS",
    "playerId": "CC",
    "timestamp": 1666628544525
  },
  {
    "pId": "b23b54bd-dd8b-44e4-b723-dc0d1278171d",
    "playType": "AST",
    "playerId": "K",
    "timestamp": 1666628545725
  },
  {
    "pId": "095df0ae-4ec7-45cc-8c3a-9da6ce463a85",
    "playType": "AST",
    "playerId": "P",
    "timestamp": 1666628554486
  },
  {
    "pId": "1e46192d-e168-4157-8dd9-678d7403e285",
    "playType": "TWPTS",
    "playerId": "JK",
    "timestamp": 1666628555372
  },
  {
    "pId": "89afc97a-24cb-4757-9ff3-a1284d7dc543",
    "playType": "TWPTMI",
    "playerId": "K",
    "timestamp": 1666628574170
  },
  {
    "pId": "5130fa54-5681-4d98-9008-148666541cee",
    "playType": "REB",
    "playerId": "CH",
    "timestamp": 1666628575796
  },
  {
    "pId": "5b5f46f5-e4af-49e4-aea4-438fe052b576",
    "playType": "THPTMI",
    "playerId": "P",
    "timestamp": 1666628579122
  },
  {
    "pId": "d4a1c4b2-1c90-46ab-8bce-a1fcc61490e1",
    "playType": "REB",
    "playerId": "K",
    "timestamp": 1666628580088
  },
  {
    "pId": "e010dc8e-c3c2-42b6-92f0-858e8728a836",
    "playType": "TWPTMI",
    "playerId": "SH",
    "timestamp": 1666628588130
  },
  {
    "pId": "13291cb8-6e90-4cfb-9423-048a05e4c858",
    "playType": "REB",
    "playerId": "CH",
    "timestamp": 1666628589013
  },
  {
    "pId": "1665f4bd-35ae-4f68-98d0-f639ceca42cc",
    "playType": "TWPTMI",
    "playerId": "JK",
    "timestamp": 1666628594077
  },
  {
    "pId": "d8acf335-3704-46d7-8789-562fb09cf014",
    "playType": "OREB",
    "playerId": "P",
    "timestamp": 1666628594989
  },
  {
    "pId": "cf4da3ec-223c-4a1c-83a3-35d34a75dd62",
    "playType": "AST",
    "playerId": "P",
    "timestamp": 1666628597709
  },
  {
    "pId": "9cbd316c-34aa-4534-a63c-9cb2795cc03e",
    "playType": "TWPTS",
    "playerId": "JK",
    "timestamp": 1666628598952
  },
  {
    "pId": "4da792dc-ad7e-473a-9a19-3b21dc4aa931",
    "playType": "AST",
    "playerId": "SH",
    "timestamp": 1666628612586
  },
  {
    "pId": "3c754e6a-c7ca-4174-88cb-a943b6c620ac",
    "playType": "THPTS",
    "playerId": "CC",
    "timestamp": 1666628614284
  },
  {
    "pId": "ffc6fb05-f735-4281-8301-8743e07f82b8",
    "playType": "THPTMI",
    "playerId": "T",
    "timestamp": 1666628638478
  },
  {
    "pId": "7f7c1975-0cd5-49d5-914c-8910daa04405",
    "playType": "REB",
    "playerId": "CC",
    "timestamp": 1666628639788
  },
  {
    "pId": "c362fb6e-d865-4f21-b6f2-16a2694796f1",
    "playType": "TWPTMI",
    "playerId": "CC",
    "timestamp": 1666628652574
  },
  {
    "pId": "5429137e-970e-48dc-88e7-b2967b87194e",
    "playType": "REB",
    "playerId": "JK",
    "timestamp": 1666628653404
  },
  {
    "pId": "52088bc4-3d60-4af3-a982-5e67ff4c979a",
    "playType": "THPTMI",
    "playerId": "T",
    "timestamp": 1666628661445
  },
  {
    "pId": "f2ea2fa6-3d0c-480d-83b0-56fe46804e43",
    "playType": "OREB",
    "playerId": "SN",
    "timestamp": 1666628663591
  },
  {
    "pId": "688690ea-515c-477e-af29-bc4ca9ec79c9",
    "playType": "TWPTMI",
    "playerId": "JK",
    "timestamp": 1666628676581
  },
  {
    "pId": "9223df8b-4e5a-4753-a481-9c056fc926e7",
    "playType": "OREB",
    "playerId": "P",
    "timestamp": 1666628681448
  },
  {
    "pId": "59bb579b-30e5-44cc-a482-95d2fdda028a",
    "playType": "THPTMI",
    "playerId": "SN",
    "timestamp": 1666628703503
  },
  {
    "pId": "9695fd15-3736-46fa-80fe-0e964159a06c",
    "playType": "REB",
    "playerId": "AD",
    "timestamp": 1666628705005
  },
  {
    "pId": "d479dce1-66af-48a0-b816-fc6ccf2303aa",
    "playType": "THPTS",
    "playerId": "CC",
    "timestamp": 1666628712094
  },
  {
    "pId": "d52ad528-aa94-4e01-a414-668338acaa49",
    "playType": "AST",
    "playerId": "AJ",
    "timestamp": 1666628713972
  },
  {
    "pId": "0492e969-31bf-42f0-a1a8-edf0fc3d95c4",
    "playType": "THPTS",
    "playerId": "CH",
    "timestamp": 1666628726559
  },
  {
    "pId": "65bc2539-4470-44eb-bc1d-6f94dbd238db",
    "playType": "AST",
    "playerId": "SN",
    "timestamp": 1666628727590
  },
  {
    "pId": "07d32cb3-d2ca-4e30-af15-d7c21ff10dcb",
    "playType": "TWPTMI",
    "playerId": "CC",
    "timestamp": 1666628740134
  },
  {
    "pId": "67bf5ff9-3741-44d5-bcce-1661f1519847",
    "playType": "REB",
    "playerId": "P",
    "timestamp": 1666628741030
  },
  {
    "pId": "6e9e9559-07e7-480c-8225-e0ee5ee553eb",
    "playType": "AST",
    "playerId": "SN",
    "timestamp": 1666628751662
  },
  {
    "pId": "e7a5b9bf-e7ba-4412-b381-900abb1bed91",
    "playType": "THPTS",
    "playerId": "CH",
    "timestamp": 1666628752582
  },
  {
    "pId": "b5b53ac6-a296-435f-a3e6-71782cae8460",
    "playType": "TWPTMI",
    "playerId": "K",
    "timestamp": 1666628759942
  },
  {
    "pId": "3e0fd78a-f617-44cb-b6fe-bd921faff0f9",
    "playType": "REB",
    "playerId": "CH",
    "timestamp": 1666628760880
  },
  {
    "pId": "3998d485-3263-4452-a0e5-c1dca2cb74bc",
    "playType": "TWPTMI",
    "playerId": "T",
    "timestamp": 1666628772190
  },
  {
    "pId": "8a930bf7-bb46-40cf-9fdb-7526321d3bba",
    "playType": "REB",
    "playerId": "AD",
    "timestamp": 1666628772990
  },
  {
    "pId": "d16f7db0-1fbb-4885-a166-5913ca7d3545",
    "playType": "THPTMI",
    "playerId": "AJ",
    "timestamp": 1666628774861
  },
  {
    "pId": "cf406536-78e9-41a6-9541-fa0087a0d9de",
    "playType": "REB",
    "playerId": "SN",
    "timestamp": 1666628775718
  },
  {
    "pId": "27c9284a-71b9-4dd7-91a5-f584c64de09b",
    "playType": "TWPTMI",
    "playerId": "T",
    "timestamp": 1666628870062
  },
  {
    "pId": "93514841-d53b-4465-85ed-c067b5d3a161",
    "playType": "REB",
    "playerId": "AD",
    "timestamp": 1666628870847
  },
  {
    "pId": "6869d698-0eb5-44a4-b96b-a14fa05a9bf7",
    "playType": "THPTMI",
    "playerId": "CC",
    "timestamp": 1666628873721
  },
  {
    "pId": "e7e346eb-fad7-4123-887d-f855621bfbec",
    "playType": "REB",
    "playerId": "P",
    "timestamp": 1666628874710
  },
  {
    "pId": "5e1758c6-4c23-4b5c-ae70-b1d458765a36",
    "playType": "TO",
    "playerId": "P",
    "timestamp": 1666628875974
  },
  {
    "pId": "b474afcc-869b-40d1-92c0-45db5712ae9e",
    "playType": "STL",
    "playerId": "CC",
    "timestamp": 1666628876896
  },
  {
    "pId": "b5099870-58d4-42f4-8311-af7d932ed42a",
    "playType": "THPTMI",
    "playerId": "AJ",
    "timestamp": 1666628878526
  },
  {
    "pId": "fbf877fa-7a75-4b63-a633-0a3f4b552aa1",
    "playType": "OREB",
    "playerId": "SH",
    "timestamp": 1666628881503
  },
  {
    "pId": "02456dd9-ea4e-4cc0-a5a4-f5eab32e9df4",
    "playType": "THPTMI",
    "playerId": "CC",
    "timestamp": 1666628883096
  },
  {
    "pId": "739ae019-4797-4d99-a5c1-24f6173dc766",
    "playType": "REB",
    "playerId": "T",
    "timestamp": 1666628884229
  },
  {
    "pId": "c627a5da-0c34-425a-9194-ed86f8d1f08b",
    "playType": "TWPTS",
    "playerId": "JK",
    "timestamp": 1666628896031
  },
  {
    "pId": "f5007668-752e-4edf-91d1-a8163ae05543",
    "playType": "THPTMI",
    "playerId": "AJ",
    "timestamp": 1666628904857
  },
  {
    "pId": "fd3f4d31-18cc-4a6a-b35f-daa48e294c05",
    "playType": "REB",
    "playerId": "SN",
    "timestamp": 1666628906735
  },
  {
    "pId": "ab034ffe-f413-41af-9aff-0f7ee9f90238",
    "playType": "THPTMI",
    "playerId": "CH",
    "timestamp": 1666628934943
  },
  {
    "pId": "7a1221bc-dfcc-4ae7-9c9f-40b5f07e6837",
    "playType": "TO",
    "playerId": "AD",
    "timestamp": 1666628940375
  },
  {
    "pId": "f8fe5846-5844-49f6-acfa-e7763d91aadf",
    "playType": "THPTS",
    "playerId": "HS",
    "timestamp": 1666628963006
  },
  {
    "pId": "a89b6ba3-91ed-4608-afd0-e7a189bffa83",
    "playType": "AST",
    "playerId": "T",
    "timestamp": 1666628965159
  },
  {
    "pId": "cefa7366-2c22-49b2-accd-03dff0ecf808",
    "playType": "TO",
    "playerId": "CC",
    "timestamp": 1666628985122
  },
  {
    "pId": "3c7a0d86-b021-406d-9a48-71a2cfddb99a",
    "playType": "TWPTS",
    "playerId": "AD",
    "timestamp": 1666628993190
  },
  {
    "pId": "e2fb630b-c3e3-4aba-ae33-696598dd3bc5",
    "playType": "THPTMI",
    "playerId": "HS",
    "timestamp": 1666629021750
  },
  {
    "pId": "2a187968-86f4-4953-98f7-ebd93e8a8bdd",
    "playType": "REB",
    "playerId": "CC",
    "timestamp": 1666629023479
  },
  {
    "pId": "6c5c263b-c7c2-44aa-abcd-696ab932ae37",
    "playType": "TO",
    "playerId": "SL",
    "timestamp": 1666629038343
  },
  {
    "pId": "1ca73652-1e88-4ce9-857c-99eb964c92e5",
    "playType": "STL",
    "playerId": "SN",
    "timestamp": 1666629039711
  },
  {
    "pId": "2ba6412c-9ba8-4453-a8b8-97082a067383",
    "playType": "TWPTMI",
    "playerId": "P",
    "timestamp": 1666629043278
  },
  {
    "pId": "3098ce99-6ff2-428e-928b-97d720f0c472",
    "playType": "REB",
    "playerId": "AD",
    "timestamp": 1666629044023
  },
  {
    "pId": "190178c0-87ba-42fc-a841-b39202001eb7",
    "playType": "THPTMI",
    "playerId": "AJ",
    "timestamp": 1666629051230
  },
  {
    "pId": "5909adaf-6142-4172-a4a0-515ae20a0655",
    "playType": "OREB",
    "playerId": "PB",
    "timestamp": 1666629061558
  },
  {
    "pId": "cf3afa3c-b708-4785-81e7-e925f33879c0",
    "playType": "TWPTS",
    "playerId": "AJ",
    "timestamp": 1666629067473
  },
  {
    "pId": "1205f10b-8590-4cb9-a13a-dcaa78454468",
    "playType": "TO",
    "playerId": "R",
    "timestamp": 1666629083047
  },
  {
    "pId": "d79e6295-e611-4ca0-9df9-54f4fbb98fc0",
    "playType": "STL",
    "playerId": "AD",
    "timestamp": 1666629085047
  },
  {
    "pId": "9b3b9c36-6644-4cd4-af80-2814241fa342",
    "playType": "TWPTMI",
    "playerId": "AD",
    "timestamp": 1666629086232
  },
  {
    "pId": "318c0ec6-b609-4a7c-bee9-8621567fb2dc",
    "playType": "REB",
    "playerId": "R",
    "timestamp": 1666629087002
  },
  {
    "pId": "95bde185-1099-4d19-8d69-886b183a3806",
    "playType": "TWPTS",
    "playerId": "P",
    "timestamp": 1666629089535
  },
  {
    "pId": "ecd97311-77cc-49c3-8f14-77436ae0c86e",
    "playType": "THPTMI",
    "playerId": "PB",
    "timestamp": 1666629109007
  },
  {
    "pId": "a0a5c846-f9aa-4dbb-ab17-f44d86410284",
    "playType": "REB",
    "playerId": "SN",
    "timestamp": 1666629109807
  },
  {
    "pId": "86ceee4c-bb54-4e96-90cb-ec940d3d4925",
    "playType": "THPTMI",
    "playerId": "SN",
    "timestamp": 1666629122802
  },
  {
    "pId": "af0eb762-2288-4c96-9fa1-577dfd1c8d57",
    "playType": "REB",
    "playerId": "CC",
    "timestamp": 1666629123724
  },
  {
    "pId": "bfc5bc9d-dbcf-469f-92d1-3dfbbd14a0ae",
    "playType": "TWPTS",
    "playerId": "CC",
    "timestamp": 1666629126462
  },
  {
    "pId": "978d7664-ad3e-48d8-8942-cae650c8720c",
    "playType": "TO",
    "playerId": "CC",
    "timestamp": 1666629166079
  },
  {
    "pId": "3df3b038-a348-4d28-b854-e18186692135",
    "playType": "TWPTS",
    "playerId": "JK",
    "timestamp": 1666629172781
  },
  {
    "pId": "5172052b-ed72-4553-aa4e-e8f919d8b428",
    "playType": "AST",
    "playerId": "HS",
    "timestamp": 1666629178345
  },
  {
    "pId": "6b0f7e42-8cb0-43e3-a514-536148f615c6",
    "playType": "TWPTS",
    "playerId": "AD",
    "timestamp": 1666629201828
  },
  {
    "pId": "eaecb07e-2b04-404e-909d-05210a6ec0c6",
    "playType": "THPTMI",
    "playerId": "R",
    "timestamp": 1666629210429
  },
  {
    "pId": "b1b8abd9-e087-43b8-9352-5416eee3626a",
    "playType": "REB",
    "playerId": "AJ",
    "timestamp": 1666629211845
  },
  {
    "pId": "97909a10-0046-4c3f-a221-cf1ed3a0166e",
    "playType": "TWPTMI",
    "playerId": "PB",
    "timestamp": 1666629213814
  },
  {
    "pId": "18109675-ada3-4363-99ea-de3d33add19c",
    "playType": "REB",
    "playerId": "JK",
    "timestamp": 1666629214749
  },
  {
    "pId": "0a32bc92-852b-419f-9205-62342002dd27",
    "playType": "TWPTS",
    "playerId": "SN",
    "timestamp": 1666629223090
  },
  {
    "pId": "058eb26e-f2dd-4376-9496-494bb88cb49c",
    "playType": "THPTMI",
    "playerId": "AD",
    "timestamp": 1666629229797
  },
  {
    "pId": "05e238c0-b5b3-4a83-8f7a-2d932cd55766",
    "playType": "REB",
    "playerId": "R",
    "timestamp": 1666629230657
  },
  {
    "pId": "b5b2ba88-7293-4446-b106-69ded8be4287",
    "playType": "AST",
    "playerId": "T",
    "timestamp": 1666629251324
  },
  {
    "pId": "af256386-1a23-44ca-b4fa-8e52d2b6dc7b",
    "playType": "THPTS",
    "playerId": "SN",
    "timestamp": 1666629252574
  },
  {
    "pId": "122b34f9-dd9d-46af-8b3a-4fbe883f62d2",
    "playType": "STL",
    "playerId": "HS",
    "timestamp": 1666629259517
  },
  {
    "pId": "521c344d-eb25-4506-b804-1381e0fefb7c",
    "playType": "TO",
    "playerId": "AJ",
    "timestamp": 1666629261454
  },
  {
    "pId": "69ce1fa1-c779-4745-8a5b-43266ea74f50",
    "playType": "TWPTMI",
    "playerId": "HS",
    "timestamp": 1666629264404
  },
  {
    "pId": "32db4d40-7654-4604-b170-444a021897ad",
    "playType": "REB",
    "playerId": "AD",
    "timestamp": 1666629267524
  },
  {
    "pId": "569123d6-bf84-4f0d-a294-53cefe865099",
    "playType": "TWPTMI",
    "playerId": "CC",
    "timestamp": 1666629272374
  },
  {
    "pId": "e125f0f1-2dd6-40f6-bf00-a0fd7a358537",
    "playType": "BLK",
    "playerId": "T",
    "timestamp": 1666629276956
  },
  {
    "pId": "166c0354-590a-44b6-9179-c2da6d9ca539",
    "playType": "TWPTS",
    "playerId": "PB",
    "timestamp": 1666629290089
  },
  {
    "pId": "ec500c38-d731-437a-ba44-2689aa43a781",
    "playType": "STL",
    "playerId": "JK",
    "timestamp": 1666629380271
  },
  {
    "pId": "0d050d31-d71b-4e3e-a2f1-8af1970847fc",
    "playType": "TO",
    "playerId": "CC",
    "timestamp": 1666629381470
  },
  {
    "pId": "e1dad949-5173-43e7-9a82-d7612f543d22",
    "playType": "TWPTS",
    "playerId": "JK",
    "timestamp": 1666629382893
  },
  {
    "pId": "81edc538-9415-4285-acc3-8b63e25da8a1",
    "playType": "TWPTS",
    "playerId": "K",
    "timestamp": 1666629389848
  },
  {
    "pId": "f1e10d46-a851-4e74-bb37-6ab1d5c0478e",
    "playType": "THPTMI",
    "playerId": "R",
    "timestamp": 1666629394676
  },
  {
    "pId": "6b639f15-5190-4bb3-a7e5-3ac80a9e54f3",
    "playType": "REB",
    "playerId": "CC",
    "timestamp": 1666629396853
  },
  {
    "pId": "835d7f9c-5e96-4207-a68a-5f34fd928579",
    "playType": "THPTMI",
    "playerId": "K",
    "timestamp": 1666629406069
  },
  {
    "pId": "ee4f3862-a5a1-42f9-94f0-0afcdbd779bf",
    "playType": "REB",
    "playerId": "JK",
    "timestamp": 1666629406783
  },
  {
    "pId": "988e8949-0b16-49d2-8425-54ea3723202b",
    "playType": "THPTMI",
    "playerId": "CH",
    "timestamp": 1666629417903
  },
  {
    "pId": "d18df11f-f87b-4c4a-90cc-0efbc33ca9a8",
    "playType": "OREB",
    "playerId": "CH",
    "timestamp": 1666629418597
  },
  {
    "pId": "20d86c90-0915-41b7-bff6-7e5560995ed3",
    "playType": "TWPTS",
    "playerId": "JK",
    "timestamp": 1666629421709
  },
  {
    "pId": "f8fbc068-1f27-45fe-a394-f4ee5364abb3",
    "playType": "TWPTMI",
    "playerId": "SH",
    "timestamp": 1666629428431
  },
  {
    "pId": "ef0b2b9b-0251-43f0-bec8-c83a9a8dba66",
    "playType": "OREB",
    "playerId": "AJ",
    "timestamp": 1666629429731
  },
  {
    "pId": "8bc61d48-c479-4620-8089-cffaeb571768",
    "playType": "TWPTMI",
    "playerId": "K",
    "timestamp": 1666629433012
  },
  {
    "pId": "7e35fc75-bfcc-4c4e-aa94-e9c06e983aa4",
    "playType": "REB",
    "playerId": "JK",
    "timestamp": 1666629433708
  },
  {
    "pId": "63a47e3a-4f9f-4e0a-9a28-a27a5beac359",
    "playType": "THPTMI",
    "playerId": "T",
    "timestamp": 1666629441438
  },
  {
    "pId": "e9459d26-8b37-4a5c-b45f-2382092bd31f",
    "playType": "REB",
    "playerId": "AJ",
    "timestamp": 1666629443532
  },
  {
    "pId": "376d321a-b67f-42a4-92fc-c481f8c4743b",
    "playType": "TWPTS",
    "playerId": "CC",
    "timestamp": 1666629445931
  },
  {
    "pId": "3e70762e-82d7-4eca-8d67-65ec73214979",
    "playType": "TWPTMI",
    "playerId": "JK",
    "timestamp": 1666629450925
  },
  {
    "pId": "58930908-b954-4e39-9291-4e85e6103065",
    "playType": "OREB",
    "playerId": "P",
    "timestamp": 1666629452047
  },
  {
    "pId": "a6806d3c-65f7-49a1-9868-909952aa24ac",
    "playType": "AST",
    "playerId": "P",
    "timestamp": 1666629453965
  },
  {
    "pId": "31a2c1f8-6f2d-410e-899c-288e18a30360",
    "playType": "THPTS",
    "playerId": "R",
    "timestamp": 1666629454902
  },
  {
    "pId": "49955f31-d983-4366-a117-f5560405a49e",
    "playType": "TWPTS",
    "playerId": "K",
    "timestamp": 1666629482671
  },
  {
    "pId": "4c83f402-886a-4535-b259-c9092f297f7f",
    "playType": "AST",
    "playerId": "SH",
    "timestamp": 1666629483581
  },
  {
    "pId": "e8305a73-7beb-4c71-8f72-20e1753b682c",
    "playType": "THPTMI",
    "playerId": "R",
    "timestamp": 1666629494661
  },
  {
    "pId": "cd53b06e-9026-402e-9a0f-d5e9c60cfa7a",
    "playType": "REB",
    "playerId": "SH",
    "timestamp": 1666629495605
  },
  {
    "pId": "8edd5212-90b0-4787-af1b-9db1c7b1256d",
    "playType": "TWPTMI",
    "playerId": "K",
    "timestamp": 1666629515861
  },
  {
    "pId": "b93277c0-1bf8-4727-9177-761c33e05957",
    "playType": "REB",
    "playerId": "T",
    "timestamp": 1666629517437
  },
  {
    "pId": "df271d5d-4264-491f-b855-70ad265d6a21",
    "playType": "TWPTMI",
    "playerId": "CH",
    "timestamp": 1666629599029
  },
  {
    "pId": "1206d9aa-87eb-425f-88a2-b5b490fbd56b",
    "playType": "THPTMI",
    "playerId": "AJ",
    "timestamp": 1666629606557
  },
  {
    "pId": "46a04467-032e-4e7f-9b05-4a8b450e2146",
    "playType": "REB",
    "playerId": "CH",
    "timestamp": 1666629607516
  },
  {
    "pId": "bd55860f-453d-4597-8113-c31ee91849fa",
    "playType": "TWPTMI",
    "playerId": "P",
    "timestamp": 1666629746459
  },
  {
    "pId": "384100a6-bfe0-4f9c-938d-7511be3bd13e",
    "playType": "OREB",
    "playerId": "JK",
    "timestamp": 1666629747292
  },
  {
    "pId": "462c8443-64ad-489c-a78e-fe532995fb3c",
    "playType": "THPTMI",
    "playerId": "AD",
    "timestamp": 1666629762360
  },
  {
    "pId": "e5cd445f-c6cb-465d-803a-1e8506ca07d1",
    "playType": "REB",
    "playerId": "JK",
    "timestamp": 1666629764087
  },
  {
    "pId": "ec7573be-e035-4b8c-81cf-6ef30f31aa2d",
    "playType": "TO",
    "playerId": "JK",
    "timestamp": 1666629767475
  },
  {
    "pId": "9e2a13e1-7465-449e-aa79-3bd49c28e63a",
    "playType": "STL",
    "playerId": "CC",
    "timestamp": 1666629769435
  },
  {
    "pId": "79b02751-88fc-4337-859b-c3d1fb72df7c",
    "playType": "TWPTMI",
    "playerId": "R",
    "timestamp": 1666629773076
  },
  {
    "pId": "6de71a7a-2fd9-49b2-9172-3c21d90d498d",
    "playType": "REB",
    "playerId": "SH",
    "timestamp": 1666629774605
  },
  {
    "pId": "e2cbfe4d-0837-447f-8665-1fa8d2320854",
    "playType": "TWPTMI",
    "playerId": "SH",
    "timestamp": 1666629780131
  },
  {
    "pId": "229f17c6-fc7b-4f60-ab0b-9700dae5d4fe",
    "playType": "REB",
    "playerId": "R",
    "timestamp": 1666629781074
  },
  {
    "pId": "eb601a09-0e2f-4a29-af70-d5cbcb74960d",
    "playType": "THPTMI",
    "playerId": "P",
    "timestamp": 1666629790490
  },
  {
    "pId": "d8d8c9b4-b461-4093-92e6-0353e2ef18a7",
    "playType": "THPTMI",
    "playerId": "AJ",
    "timestamp": 1666629798811
  },
  {
    "pId": "be8e50be-d9db-46f9-bc4b-527c4eb300f1",
    "playType": "AST",
    "playerId": "JK",
    "timestamp": 1666629805635
  },
  {
    "pId": "5bca9d09-c0bc-4dad-9c35-e1877acc7484",
    "playType": "THPTS",
    "playerId": "CH",
    "timestamp": 1666629806884
  },
  {
    "pId": "3fd27526-3b45-4356-ac2e-1ca0eb9c8915",
    "playType": "THPTMI",
    "playerId": "CC",
    "timestamp": 1666629818718
  },
  {
    "pId": "3f2609fc-0e7a-46c0-bfb9-ac110a047b92",
    "playType": "REB",
    "playerId": "JK",
    "timestamp": 1666629819872
  },
  {
    "pId": "5a918091-c7b8-49c9-99d0-c736d0ad5e92",
    "playType": "THPTMI",
    "playerId": "CH",
    "timestamp": 1666629825426
  },
  {
    "pId": "0a0922a9-f3ae-49dd-9cb7-f4a79ab981e3",
    "playType": "TWPTMI",
    "playerId": "K",
    "timestamp": 1666629835384
  },
  {
    "pId": "11513d0b-bbf8-4ce7-97dd-a7a411c3f7c0",
    "playType": "REB",
    "playerId": "R",
    "timestamp": 1666629836756
  },
  {
    "pId": "8b043ecb-ca96-400f-88a5-c8528dcdbd90",
    "playType": "TWPTMI",
    "playerId": "JK",
    "timestamp": 1666629842601
  },
  {
    "pId": "6f53dc73-682f-46a8-becc-c9c309825574",
    "playType": "REB",
    "playerId": "AD",
    "timestamp": 1666629844242
  },
  {
    "pId": "052485dd-a3f2-448a-8862-c8d773491509",
    "playType": "THPTMI",
    "playerId": "AD",
    "timestamp": 1666629846923
  },
  {
    "pId": "0fb4c3e1-7473-4435-b2f6-045a7559ebd5",
    "playType": "REB",
    "playerId": "P",
    "timestamp": 1666629847860
  },
  {
    "pId": "c5aab9ec-ce17-4051-ad11-41544a10ce7d",
    "playType": "THPTMI",
    "playerId": "R",
    "timestamp": 1666629857340
  },
  {
    "pId": "a8440242-ea6c-434f-9855-45d7ec757ea4",
    "playType": "REB",
    "playerId": "SH",
    "timestamp": 1666629859155
  },
  {
    "pId": "d68937f5-f606-455e-8137-38461c1276d4",
    "playType": "TWPTMI",
    "playerId": "SH",
    "timestamp": 1666629914503
  },
  {
    "pId": "316d23e4-685a-42cd-9e01-03303e35dabd",
    "playType": "REB",
    "playerId": "JK",
    "timestamp": 1666629915388
  },
  {
    "pId": "b471de5b-0f92-469b-ac0b-8a0764b40806",
    "playType": "TWPTS",
    "playerId": "JK",
    "timestamp": 1666629920706
  },
  {
    "pId": "7205f97c-896c-4e05-a09c-2dbff0a19913",
    "playType": "THPTMI",
    "playerId": "AD",
    "timestamp": 1666629931098
  },
  {
    "pId": "a7fd4769-25fb-44b1-92b8-dd92c51aa3b6",
    "playType": "REB",
    "playerId": "R",
    "timestamp": 1666629934959
  },
  {
    "pId": "0ca6060d-6028-4624-9649-de5d456122f9",
    "playType": "THPTMI",
    "playerId": "R",
    "timestamp": 1666629937083
  },
  {
    "pId": "9c2fc0d0-63fb-4ac3-9d0f-7c15832d1315",
    "playType": "REB",
    "playerId": "SH",
    "timestamp": 1666629938148
  },
  {
    "pId": "b1a16f53-17ab-42f1-bf44-e33ddf896ff2",
    "playType": "THPTMI",
    "playerId": "CC",
    "timestamp": 1666629941601
  },
  {
    "pId": "c8275986-38d2-463e-aff7-971b62256073",
    "playType": "OREB",
    "playerId": "SH",
    "timestamp": 1666629942384
  },
  {
    "pId": "aecfd2ec-dfc8-4339-90c0-a54bf85d9ada",
    "playType": "THPTMI",
    "playerId": "AJ",
    "timestamp": 1666630019747
  },
  {
    "pId": "d7292e57-edca-4d2c-8e3f-f011ddf01fff",
    "playType": "TWPTMI",
    "playerId": "CH",
    "timestamp": 1666630048347
  },
  {
    "pId": "001caae0-a416-49e8-bca7-af76d0211bdf",
    "playType": "REB",
    "playerId": "AD",
    "timestamp": 1666630049443
  },
  {
    "pId": "095f3dd4-f897-4172-adff-1e923e4d780e",
    "playType": "TO",
    "playerId": "AD",
    "timestamp": 1666630050809
  },
  {
    "pId": "9ff83388-0a3b-4937-a38c-f4fb4580d742",
    "playType": "STL",
    "playerId": "HS",
    "timestamp": 1666630052066
  },
  {
    "pId": "c05331cb-ab91-4c8e-8f96-aa8064ce1ec2",
    "playType": "TO",
    "playerId": "CH",
    "timestamp": 1666630059106
  },
  {
    "pId": "d50e7148-9a8a-4e09-9538-baf2fee83429",
    "playType": "STL",
    "playerId": "AD",
    "timestamp": 1666630060507
  },
  {
    "pId": "84e5fd76-5e27-48ef-9476-aad566896ccb",
    "playType": "TWPTS",
    "playerId": "CC",
    "timestamp": 1666630063732
  },
  {
    "pId": "05bd432e-3c88-4ec2-835e-86c7ef128c99",
    "playType": "TO",
    "playerId": "SN",
    "timestamp": 1666630089053
  },
  {
    "pId": "ccdda1c7-c9a6-4ea8-b079-8adebb319fd2",
    "playType": "STL",
    "playerId": "SH",
    "timestamp": 1666630092625
  },
  {
    "pId": "752a9fbd-0764-4b3b-acea-9d3a54c03459",
    "playType": "TWPTS",
    "playerId": "PB",
    "timestamp": 1666630096339
  },
  {
    "pId": "5dc4e97a-4905-4f90-8679-682d6bc58d54",
    "playType": "AST",
    "playerId": "CC",
    "timestamp": 1666630097555
  },
  {
    "pId": "d85a3d6a-0bc3-432f-b4b9-256d0aaedfae",
    "playType": "TO",
    "playerId": "CH",
    "timestamp": 1666630118698
  },
  {
    "pId": "f6088ed0-56a8-4253-966d-14763aa52253",
    "playType": "STL",
    "playerId": "CC",
    "timestamp": 1666630120551
  },
  {
    "pId": "cce93142-eafc-4dc9-8511-84ecafd6549f",
    "playType": "TWPTS",
    "playerId": "CC",
    "timestamp": 1666630128327
  },
  {
    "pId": "ec16bd3d-8b5d-4cbe-a91a-45c2cfdb1bee",
    "playType": "THPTMI",
    "playerId": "HS",
    "timestamp": 1666630150362
  },
  {
    "pId": "ef39ecb5-c4b9-4f29-bafc-18941b778614",
    "playType": "REB",
    "playerId": "SL",
    "timestamp": 1666630157742
  },
  {
    "pId": "ca00dd74-88f6-4244-823e-8b9e91bd7ce8",
    "playType": "STL",
    "playerId": "HS",
    "timestamp": 1666630171067
  },
  {
    "pId": "1f377cb9-3c9c-43cf-a109-f4edef985fa2",
    "playType": "TO",
    "playerId": "PB",
    "timestamp": 1666630175527
  },
  {
    "pId": "06d2ffac-84cd-4425-b211-1ea044357d12",
    "playType": "TWPTMI",
    "playerId": "HS",
    "timestamp": 1666630178569
  },
  {
    "pId": "94206f16-4329-41aa-a936-8d6c50edee68",
    "playType": "REB",
    "playerId": "SH",
    "timestamp": 1666630183504
  },
  {
    "pId": "5fce83d7-49bc-4685-8cf8-7b1ef66314e3",
    "playType": "TWPTMI",
    "playerId": "CC",
    "timestamp": 1666630198972
  },
  {
    "pId": "c8852057-1ef6-4a18-9791-98ebf4a46c4f",
    "playType": "REB",
    "playerId": "SN",
    "timestamp": 1666630199794
  },
  {
    "pId": "2acff0e9-4bb3-42f9-8ad6-7366e0e9f7b3",
    "playType": "TWPTMI",
    "playerId": "T",
    "timestamp": 1666630209069
  },
  {
    "pId": "864031b9-9ad4-4a7c-9a39-608d77eaa43f",
    "playType": "REB",
    "playerId": "AD",
    "timestamp": 1666630211395
  },
  {
    "pId": "a1c9aa8b-fc10-432f-9961-2613420adc36",
    "playType": "THPTS",
    "playerId": "SL",
    "timestamp": 1666630215933
  },
  {
    "pId": "c983086f-adb1-4a1b-b2f2-c6b2ec513223",
    "playType": "TO",
    "playerId": "P",
    "timestamp": 1666630223674
  },
  {
    "pId": "1239d3a9-373d-4745-9306-43665bb864ce",
    "playType": "STL",
    "playerId": "PB",
    "timestamp": 1666630227637
  },
  {
    "pId": "fc2a4cf5-2ace-47b6-9ae4-c40e4c954153",
    "playType": "TWPTMI",
    "playerId": "SH",
    "timestamp": 1666630237368
  },
  {
    "pId": "c43ea7be-f601-4972-b5ab-4dd468ad7d3a",
    "playType": "OREB",
    "playerId": "SH",
    "timestamp": 1666630238376
  },
  {
    "pId": "6e02e572-40be-429b-8cd3-e2120d80ec9b",
    "playType": "AST",
    "playerId": "AD",
    "timestamp": 1666630243666
  },
  {
    "pId": "400dd359-ed66-43b3-9be3-9b7998bc0b89",
    "playType": "TWPTS",
    "playerId": "SH",
    "timestamp": 1666630244394
  },
  {
    "pId": "ba959fb9-eedb-4c7f-b099-3b3f6b37022f",
    "playType": "TWPTMI",
    "playerId": "T",
    "timestamp": 1666630272530
  },
  {
    "pId": "0deb5d5a-b77b-447f-9606-25244c9d4bde",
    "playType": "REB",
    "playerId": "AD",
    "timestamp": 1666630275185
  },
  {
    "pId": "a4d6fa1a-425e-40fd-97a9-3a5853ce9f20",
    "playType": "THPTMI",
    "playerId": "PB",
    "timestamp": 1666630290018
  },
  {
    "pId": "42377495-c064-4320-b723-dca1801c7a9a",
    "playType": "REB",
    "playerId": "JK",
    "timestamp": 1666630290784
  },
  {
    "pId": "adfcd0f3-398d-48cb-8f18-04c0b2f168e6",
    "playType": "THPTMI",
    "playerId": "R",
    "timestamp": 1666630311969
  },
  {
    "pId": "5c3e3bc1-c509-4256-afa4-c51ee42b4fec",
    "playType": "REB",
    "playerId": "PB",
    "timestamp": 1666630314560
  },
  {
    "pId": "f755a42d-f196-4c65-88fa-ea744bf107e2",
    "playType": "THPTS",
    "playerId": "AD",
    "timestamp": 1666630325426
  },
  {
    "pId": "f9239c30-2a10-4c49-9c5d-b8cd9d327e7e",
    "playType": "AST",
    "playerId": "SL",
    "timestamp": 1666630332825
  },
  {
    "pId": "a21aa29b-45e0-4952-9ab0-06b526cb5c1b",
    "playType": "TWPTS",
    "playerId": "R",
    "timestamp": 1666630346250
  },
  {
    "pId": "1f4c9045-96ff-4e1a-95db-e209b189f681",
    "playType": "THPTMI",
    "playerId": "SL",
    "timestamp": 1666630356354
  },
  {
    "pId": "72f7f6d2-d3d8-4802-a93b-6b54d185f76a",
    "playType": "REB",
    "playerId": "P",
    "timestamp": 1666630359835
  },
  {
    "pId": "ea9a6b3a-f826-458d-8b9f-8073c6c13d0c",
    "playType": "TWPTS",
    "playerId": "HS",
    "timestamp": 1666630362795
  },
  {
    "pId": "e6fd69ec-2b73-490b-ae14-15f55622ae77",
    "playType": "STL",
    "playerId": "HS",
    "timestamp": 1666630375952
  },
  {
    "pId": "69d10577-73d0-4866-a29d-48c6c40de66e",
    "playType": "TO",
    "playerId": "CC",
    "timestamp": 1666630376981
  },
  {
    "pId": "06e87647-017d-46db-9eb0-0a0bad255680",
    "playType": "TWPTS",
    "playerId": "HS",
    "timestamp": 1666630380898
  },
  {
    "pId": "d437e459-842a-4f02-bd1e-44f17897f791",
    "playType": "THPTMI",
    "playerId": "AD",
    "timestamp": 1666630393122
  },
  {
    "pId": "1d7e18b5-e093-4361-b526-0512cd164a1d",
    "playType": "REB",
    "playerId": "R",
    "timestamp": 1666630394337
  },
  {
    "pId": "fa1af2af-cc72-4aaf-b461-e9f194b957f4",
    "playType": "TO",
    "playerId": "JK",
    "timestamp": 1666630411347
  },
  {
    "pId": "e7b7a10e-f167-4d58-8190-bcb441ec9bad",
    "playType": "STL",
    "playerId": "CC",
    "timestamp": 1666630416704
  },
  {
    "pId": "46d798d7-998d-48c3-9d3d-d89ae010d6ff",
    "playType": "THPTMI",
    "playerId": "AD",
    "timestamp": 1666630444161
  },
  {
    "pId": "9689b48e-0163-452b-a7dc-07d0e4efcd06",
    "playType": "OREB",
    "playerId": "SH",
    "timestamp": 1666630445442
  },
  {
    "pId": "a674af6a-97cc-4742-89c3-c8611c71ecc9",
    "playType": "THPTMI",
    "playerId": "CC",
    "timestamp": 1666630450172
  },
  {
    "pId": "95162b9f-adfd-49f8-b30d-396e0ca242c5",
    "playType": "REB",
    "playerId": "HS",
    "timestamp": 1666630451159
  },
  {
    "pId": "ca64b059-869c-48e8-a825-7b397a7c374d",
    "playType": "FTMI",
    "playerId": "R",
    "timestamp": 1666630470083
  },
  {
    "pId": "1bf03869-e0f8-4760-a966-7064d32ff41a",
    "playType": "FTMI",
    "playerId": "R",
    "timestamp": 1666630472808
  },
  {
    "pId": "1902f28b-1af6-45ab-9b4d-ed201734255f",
    "playType": "REB",
    "playerId": "CC",
    "timestamp": 1666630474041
  },
  {
    "pId": "aefe2aee-bf6b-4637-8b2c-0229687c4593",
    "playType": "TO",
    "playerId": "SL",
    "timestamp": 1666630479510
  },
  {
    "pId": "cad93acd-b174-41cf-93b1-d7f957308e0f",
    "playType": "FTMI",
    "playerId": "HS",
    "timestamp": 1666630497271
  },
  {
    "pId": "dd6139df-85c9-4da8-98c4-7dc7b839ca53",
    "playType": "FT",
    "playerId": "HS",
    "timestamp": 1666630498692
  },
  {
    "pId": "d3b4c57e-57ef-4b65-852a-597caab9a931",
    "playType": "TWPTS",
    "playerId": "SL",
    "timestamp": 1666630504153
  },
  {
    "pId": "ac00bd64-1fff-4b0f-b231-51bfa1be447d",
    "playType": "FTMI",
    "playerId": "P",
    "timestamp": 1666630524361
  },
  {
    "pId": "378cf06a-d8d0-4a71-a30a-3f8e6a0860b7",
    "playType": "FT",
    "playerId": "P",
    "timestamp": 1666630526081
  },
  {
    "pId": "b564df2e-fdca-413f-ab1a-06effbef550a",
    "playType": "TWPTS",
    "playerId": "P",
    "timestamp": 1666630531529
  },
  {
    "pId": "5ca5d227-9934-42b6-a492-804791a15014",
    "playType": "THPTS",
    "playerId": "PB",
    "timestamp": 1666631144595
  },
  {
    "pId": "1de289c5-9ef4-4c64-8925-9f6c53a67230",
    "playType": "AST",
    "playerId": "CC",
    "timestamp": 1666631145699
  },
  {
    "pId": "63d6ddb4-1e61-4057-8d87-9fcfb4e76dbf",
    "playType": "THPTMI",
    "playerId": "R",
    "timestamp": 1666631338763
  },
  {
    "pId": "ff6af396-de3c-45b8-b3ed-8a626aad0b89",
    "playType": "REB",
    "playerId": "SH",
    "timestamp": 1666631340328
  },
  {
    "pId": "4f119f96-9c32-47a8-b943-ee6e9ab059ce",
    "playType": "STL",
    "playerId": "JK",
    "timestamp": 1666631348563
  },
  {
    "pId": "a875d17c-2017-4184-ad49-a4f3a80f9f9e",
    "playType": "TO",
    "playerId": "AD",
    "timestamp": 1666631351332
  },
  {
    "pId": "a1610f4a-28d1-4fe9-9028-891cc1c7b211",
    "playType": "TWPTMI",
    "playerId": "SN",
    "timestamp": 1666631360005
  },
  {
    "pId": "25a77473-10b3-4bf7-8ea1-40a96567d042",
    "playType": "TWPTMI",
    "playerId": "CC",
    "timestamp": 1666631362861
  },
  {
    "pId": "a07c38fa-c012-41fd-8c6d-4e1c878efc81",
    "playType": "REB",
    "playerId": "JK",
    "timestamp": 1666631363564
  },
  {
    "pId": "c8b48a86-cdc6-415f-88b3-2dd888910158",
    "playType": "THPTMI",
    "playerId": "R",
    "timestamp": 1666631382037
  },
  {
    "pId": "9244a7d2-ff14-4709-86e6-78ec203469d8",
    "playType": "OREB",
    "playerId": "JK",
    "timestamp": 1666631385866
  },
  {
    "pId": "21b86e51-23e9-4b56-944d-570472e0242a",
    "playType": "AST",
    "playerId": "P",
    "timestamp": 1666631387897
  },
  {
    "pId": "a01065f1-ac57-4c71-930c-7cef451cb656",
    "playType": "TWPTS",
    "playerId": "SN",
    "timestamp": 1666631389066
  },
  {
    "pId": "772c4219-fcf3-4b6c-92ea-57f872de7f82",
    "playType": "FTMI",
    "playerId": "AD",
    "timestamp": 1666631398602
  },
  {
    "pId": "a236e174-2ce1-4303-a320-34d7a85d3664",
    "playType": "FTMI",
    "playerId": "AD",
    "timestamp": 1666631405891
  },
  {
    "pId": "f73bde08-cf2e-4bc2-be50-24768bccbd8c",
    "playType": "REB",
    "playerId": "SN",
    "timestamp": 1666631407401
  },
  {
    "pId": "69309beb-9c3d-4ddd-80ff-62da13dd6333",
    "playType": "TO",
    "playerId": "R",
    "timestamp": 1666631412530
  },
  {
    "pId": "15f2c823-bb4e-4652-8690-fadb7fcaa9e4",
    "playType": "STL",
    "playerId": "AD",
    "timestamp": 1666631413412
  },
  {
    "pId": "c5954e14-cdc4-4be9-babf-589ebd74e8e6",
    "playType": "FT",
    "playerId": "AD",
    "timestamp": 1666631433595
  },
  {
    "pId": "6543e096-8e8c-4de2-a26d-96810a600172",
    "playType": "FT",
    "playerId": "AD",
    "timestamp": 1666631436941
  },
  {
    "pId": "2067cacb-209c-4944-a47a-0a69912253fe",
    "playType": "TO",
    "playerId": "JK",
    "timestamp": 1666631439303
  },
  {
    "pId": "05ba322a-fa92-4834-95b3-5f0bd9e7df25",
    "playType": "STL",
    "playerId": "CC",
    "timestamp": 1666631441154
  }
]