{
  "id": "ccd82e50-5097-43e2-9afd-c9d0e29cbf08",
  "name": "10.16 Team 2 vs Team 3",
  "description": "Blowout",
  "home": {
    "name": "home",
    "players": [
      {
        "player": "Jordan",
        "shorthand": "JK"
      },
      {
        "player": "Sam N",
        "shorthand": "SN"
      },
      {
        "player": "Changhee",
        "shorthand": "CH"
      },
      {
        "player": "Hyunseo",
        "shorthand": "HS"
      },
      {
        "player": "Paul",
        "shorthand": "P"
      },
      {
        "player": "Ram",
        "shorthand": "R"
      }
    ]
  },
  "away": {
    "name": "away",
    "players": [
      {
        "player": "Sam L (g)",
        "shorthand": "SL"
      },
      {
        "player": "Mike",
        "shorthand": "MP"
      },
      {
        "player": "Hanjoong",
        "shorthand": "HJ"
      },
      {
        "player": "Abhishek",
        "shorthand": "AB"
      },
      {
        "player": "James",
        "shorthand": "JA"
      },
      {
        "player": "Kam (g)",
        "shorthand": "K"
      }
    ]
  },
  "players": []
}